5217588	ISD_highres_STS092_STS092-717-28_3.JPG	[<October_2000>, <2000_in_spaceflight>]
29261833	FL_Roasting_Smores_(6198067049).jpg	[<2010>]
28440686	Kommendanthuset_i_Malmö_003.jpg	[<2013>, <September_2013>]
37444158	Easyjet_(G-EZIT),_Belfast_International,_December_2014_(01).JPG	[<December_2014>]
9418047	2006-05-22-111525_Iceland_Hveragerði.jpg	[<2006_in_Iceland>]
63616233	22.7.17_Jindrichuv_Hradec_and_Folk_Dance_338_(35711169000).jpg	[<August_2017>]
4062685	Sceau_de_Pinon,_XVème_siècle.gif	[<Medieval_art>]
68737596	20180426135DR_Dresden-Leipziger_Vorstadt_Leipziger_Str_23.jpg	[<April_2018>]
63107699	Motijheel_(27242447213).jpg	[<June_2016>]
43488095	Bulletin_de_l'Acadmie_impriale_des_sciences_de_St.-Ptersbourg_(20422516052).jpg	[<1871>]
69026868	Père-Lachaise_-_Division_89_-_Ufarte_02.jpg	[<May_2018>]
58827355	Zajezdnia_tramwajowa_Żoliborz_2017.jpg	[<April_2017>]
53086589	Log_Cabin_In_Northern_Alberta_(6679446875).jpg	[<1965>]
70415282	מלחמת_העולם_השנייה_-_בסיס_גיוס_בסרפנד-ZKlugerPhotos-00132gc-907170685122677.jpg	[<1939>]
63515146	Dinh_Chua_Temple,_Phuong_Cu_Khoi_in_2014_01.jpg	[<2014>]
44370456	15-07-31_Rocken_am_Brocken_Cosby_14.jpg	[<Rocken_am_Brocken>]
6183169	Starr_080610-8178_Ficus_benghalensis.jpg	[<2008>]
31469631	McDonnell_Douglas_DC-9-31,_New_York_Air_JP5950386.jpg	[<1981>, <April_1981>]
30582970	The_evening_rush_hour_at_YYC_(4845428395).jpg	[<2010>]
9360320	BowerMalleeTradingPost.JPG	[<January_2010>]
51349542	Kordin_III_Temples,_Paola.jpg	[<2016_in_Malta>]
37734035	Zehn_Männer_unter_einem_Baum_-_Kabinettfoto_von_W._Hornung,_Tübingen.JPG	[<1870>]
67985739	Baltimore_Book_Festival_2016_DSCN8120_(30160930645).jpg	[<Book_festival>]
11060645	Edificio_Alei-front.jpg	[<2008>, <January_2010>]
74271516	Cordoba_Capital_-_080_(30710177315).jpg	[<November_2015>]
51589876	Instagram_Takeover_-_Guided_tour_(27038525291).jpg	[<2016_in_the_European_Union>]
18228605	Strand_Road_-_Kolkata_2012-01-14_0837.JPG	[<January_2012>]
26064433	Patricroft_railway_station_(5).JPG	[<May_2013>]
51569969	TOUR_DE_TABLE_2016-09-13_AGRIFISH_(29650496015).jpg	[<2016_in_the_European_Union>, <2016_in_Slovakia>]
56927950	Monrovia,_Liberia_-_panoramio_(82).jpg	[<2013>]
47537239	First_Responders_Breakfast_at_Stan_and_Joes_(25591518715).jpg	[<March_2016>]
53925837	Certhia_familiaris_Rome_20130304.jpg	[<March_2013>]
54012578	One_of_two_fortresses_on_Rindö,_near_Vaxholm,_Sweden_-_panoramio.jpg	[<2010>]
21614051	Casă_Carol_nr._6.jpg	[<September_2012>]
11548184	Alaska_Airlines_8247.JPG	[<2010>]
18954516	20120403Ebertpark_Hockenheim2.jpg	[<2012>]
46081493	New_Year_celebrations_in_Manchester_2016_054.jpg	[<New_year_celebrations>]
17222797	Tule_Lake_Relocation_Center,_Newell,_California._Construction_of_this_War_Relocation_Authority_cent_._._._-_NARA_-_536199.jpg	[<April_1942>, <1942>]
52883146	Illa_de_Arousa_-_Porto_do_Xufre_-_01_-_Panoramica.jpg	[<November_2016>]
11413170	Diddelengerbaach_Uelzecht.jpg	[<September_2010>]
19089817	HK_Ap_Lei_Chau_Wind_Tower_Park_鴨脷洲風之谷公園_tree_白蘭_Michelia_Alba_April-2012.JPG	[<April_2012>]
62370419	2017-09-10_Friedhof_St._Georgen_an_der_Leys_(361).jpg	[<September_2017>]
5712065	Toppilansalmi_straits_in_Oulu_Oct2007.jpg	[<2007>]
65995993	Groep_IIndonesische_mannen_wordt_met_touwen_geboeid_en_onder_bewaking_afgevoerd_,_Bestanddeelnr_8806.jpg	[<1948_in_Indonesia>]
27679895	Snap_from_Lalbagh_Flower_Show_Aug_2013_8394.JPG	[<August>]
16895617	Base_américaine_d'hydravions_à_Brest_en_1918.jpg	[<1918>]
4850845	Mino-ota_Kiosk_Home.JPG	[<September_2008>]
19000654	The_National_Archives_UK_-_CO_1069-179-37.jpg	[<1890>]
43571614	Stora_Fjäderholmen_Gebäude.jpg	[<2015>, <August_2015>]
28887422	PJ's_Irish_Pub_Parramatta_NSW-2.jpg	[<2013>]
28197792	Wachtberg_Denkmal_18_Wegekreuz_Am_Nußbäumchen.jpg	[<2013>]
46712882	Parapente_Paraíso_desde_parapente._Sopó,_Colombia._20140823.JPG	[<2014>]
55129418	Arrieros_rio_uruguay_1880.jpg	[<1880_in_Argentina>]
29502311	Järvselja_kuningamänd_2013_09_2.jpg	[<2013>]
23052671	Sierra_de_Gredos_27-06-2010_18-58-42_3888x2592.jpg	[<June_2011>]
15461299	LaengetsholzBassersdorfI.png	[<May_2011>]
55124585	Август_2012_-_panoramio_(5).jpg	[<2012>]
61192464	POS17_@Kristsll-675_(35834654982).jpg	[<Positivus_Festival>]
11628995	12_международный_кузнечный_фестиваль_в_Донецке_037.jpg	[<wikicat_2010_festivals>, <September_2010>]
52235633	Часовникова_кула_Трявна.jpg	[<2013>]
45613811	The_dolmen_12_december_2015.jpg	[<Midwinter_Fair>]
16104624	&quot;Everybody_works_but.....&quot;_A_common_scene_in_the_tenements._Father_sits_around._&quot;Sometimes_I_make_$9,_sometimes_10_a..._-_NARA_-_523491.tif	[<1911>]
71110880	Château-des-Prés_-_Église_Saint-Georges_(juil_2018).jpg	[<June_2018>]
33621552	US-NY(1891)_p598_SYRACUSE,_UNIVERSITY_OF_SYRACUSE,_JOHN_CROUSE_MEMORIAL_COLLEGE.jpg	[<1891>]
74474036	2018-11-11_Offene_Kurzbahnmeisterschaften_Brandenburg_WK_25_50m_Brust_weiblich_by_Sandro_Halank–053.jpg	[<2002>]
28561614	4X-EKU_LLGB3.jpg	[<2013>, <September_2013>]
14153330	Capstan,_Langton_Matravers_Museum_-_geograph.org.uk_-_1411516.jpg	[<July_2009>]
26902502	Replica_Bristol_Scout_D_(N5419)_(6883353619).jpg	[<June_2011>, <2011>]
59272276	BRITISH_SOLDIER_WITH_A_LEWIS_MACHINE_GUN_IN_A_SHOOTING_POST_IN_THE_OLD_CITY_OF_JERUSALEM_DURING_THE_CURFEW_IMPOSED_FOLLOWING_ARAB_RIOTING_AGAINST_JEWID222-021.jpg	[<1938>]
59525325	Brudefolk_ved_Haraldssund_i_Færøerne_(DNT-119020)_(cropped).jpg	[<1898>]
50870221	Császári_és_Királyi_Katonai_Főreáliskola_(ma_Martin_Kaszárnya),_tanuszoda._Fortepan_75959.jpg	[<1912>]
15313921	Flug_Norderney_2010_PD_096.JPG	[<2010>]
61068624	Skrzyżowanie_ulic_Hlonda_i_Bernata_w_Poznaniu_-_czerwiec_2017.jpg	[<2017>]
73456463	Electronic_signage_in_Nanjing_South_Station.jpg	[<September_2018>]
43701780	Purdue_debris_(1922)_(14779963422).jpg	[<1922>]
37942028	Unidentified_in_the_City_of_London_03.JPG	[<August_2014>]
69016185	Fourth_of_July_at_Lornado_(19481108529).jpg	[<Independence_Day_(United_States)>]
18011903	Bosa_-_Torre_(7).JPG	[<2011>]
36373956	Prometheus_Rockefeller_Center_New_York_City,_May_2014_-_031.jpg	[<May_2014>]
20313212	Réservoir_Choinière_-_Centre_de_services_Choinière.jpg	[<2012>, <July_2012>]
65458935	B-13-kkt-zoom_(2419170426).jpg	[<December_2006>]
19911380	Queens_Arcade_from_Lands_Lane,_Leeds_(Taken_by_Flickr_user_on_15th_January_2012).jpg	[<January_2012>]
9303690	Hotel_in_Southampton_Row,_London_-_geograph.org.uk_-_196538.jpg	[<July_2006>]
74015526	Notable_New_Yorkers_Moses_King_352.tif	[<1899>]
38661425	Petőfi_Társaság_Koszoru.JPG	[<1933>]
55413144	1-22-17_6_feet_on_the_ground_(32109256990).jpg	[<January_2017>]
50299899	Avenue_de_Villars,_3bis.jpg	[<July_2016>]
49656409	Tilden,_Elam,_1833_(NYPL_b11652246-3943198).tiff	[<1833>]
5522205	Vancouver_Akiyama.jpg	[<2008>, <August_2008>]
74074530	Père-Lachaise_-_Division_58_-_Keszler-Petit_05.jpg	[<June_2017>]
28280211	72533_Ensemble_van_eclectische_stadswoningen.jpg	[<1911>]
58127405	Delta_Air_Lines_Boeing_767-332-ER_N1603_(30041197555).jpg	[<2016>]
10773949	Cafe,_Fleetwood_Model_Yacht_Lake_-_DSC06548.JPG	[<2010>, <June_2010>]
16960242	Lyndhurst_Memorial_Hall_002.JPG	[<2011>]
57981763	De_Wand_2017_8.jpg	[<2017>]
51632802	St-Servaasbasiliek,_oostpartij,_zuidelijk_portaal_&amp;_transeptkapel_01.jpg	[<September_2016>, <2016>]
32989753	Pri_zavezovanju_snopov,_Vrhpolje_1950.jpg	[<1950>]
69202045	Fiesta_Asia_Silver_Spring_2018_(42107570231).jpg	[<Street_fair>]
689674	Gånggrift_vid_Berg_i_Bokenäs_socken.JPG	[<2006>, <April_2006>]
43356589	Transactions_and_proceedings_(1841)_(14592138550).jpg	[<1884>]
27256468	First_African_Baptist_Church_&amp;_Parsonage,_Waycross.JPG	[<July_2013>]
33942520	Asia_Heritage_Foundation_-_Fiesta_Asia_Street_Fair_DC_2014_(14223723941).jpg	[<Street_fair>]
33935530	Sakuri_Matsuri_Japanese_Festival_DC_2014_(13858577753).jpg	[<National_Cherry_Blossom_Festival>, <2014>]
65411658	Strand_met_enkele_mensen_aan_de_rand_van_de_Dode_Zee,_Bestanddeelnr_255-5626.jpg	[<1950>]
44344243	Swapnamoy_Chakraborty_-_Kolkata_2015-10-10_5576.JPG	[<October_2015>]
61440666	Bosspoorlijn_Valea_Vaserului_2017_40.jpg	[<2017>]
53998106	Dubrovnik_-_panoramio_(12).jpg	[<June_2011>]
43453955	Breeder_and_sportsman_(1903)_(20223816119).jpg	[<1903>, <Belle_Époque>]
42983179	Ornithologie_(Page_133)_(8206226462).jpg	[<1773>]
14782100	Eeva_Kilpi_(Helsinki_Book_Fair_2008).jpg	[<Helsinki_Book_Fair>]
48478362	201604_G2334_leaves_from_Jinhua_Station.JPG	[<April_2016>]
30890700	Mallard_Male.jpg	[<July_2012>]
64684801	Père-Lachaise_-_Division_95_-_Froberger_01.jpg	[<March_2017>]
24948455	Dirtfoot_and_beancans.jpg	[<Music_in_2007>, <October_2007>]
70452390	Around_Moscow_(31659593166).jpg	[<2016>]
29006904	Schlass_Suessem_Bannenhaff-001.jpg	[<June_2012>]
57606365	Head_to_head_cab_design_through_the_decades._-_panoramio.jpg	[<2013>]
30623434	Štúrovo_6th_november_1938.jpg	[<1938>]
1625924	Tokyu_Kichijoji_2007_2.jpg	[<February_2007>]
48448234	USA_Cycling_2014_(14114378483).jpg	[<May_2014>]
43777903	Castillo_de_Almansa_18.JPG	[<2014>]
26717655	Untitled_Gulfstream_Aerospace_G-V-SP_Gulfstream_G550;_N552GA@ZRH;08.06.2011_(5832398583).jpg	[<2011>]
3350075	DixieChicksMSG062003.jpg	[<Music_in_2003>]
69967483	Aleksander_Poopuu_koos_õpilastega_1914.a_(cropped).jpg	[<1914>]
68476852	Umeyashiki-Sta-201804.JPG	[<April_2018>]
20296317	NewEnglandCourant_00001.jpg	[<1721>]
8295027	Bautzen_-_Ortenburg_(Nikolaikirche)_01_ies.jpg	[<2009>]
13895836	View_from_Yatton_Hill_to_Wigmore_Glacial_Lake_-_geograph.org.uk_-_1179710.jpg	[<November_2008>]
74009255	Église_St_Brice_Peyriat_6.jpg	[<October_2018>]
73932955	Herfst_in_Rotterdam._Ouden_van_dagen_wandelen,_Bestanddeelnr_913-0121.jpg	[<1961>]
1967338	Bahnhof_Eichen.jpg	[<2007>]
52423369	Spruner-Menke_Handatlas_1880_Karte_49.jpg	[<1880>]
44164084	La_France_illustrée_-_géographie,_histoire,_administration,_statistique_(1881)_-_Flickr.jpg	[<1881>]
45924591	Morris_Ranch_Schoolhouse.jpg	[<1893>]
51035711	1885-10-24_Briefcouvert_an_Herrn_Superintendent_Saube_in_Gartow_mit_Siegelmarke_Königliche-Preussisches_Consistorium_Stade,_Adressseite.jpg	[<1885>]
56798395	Santa_Giustina_(Padua)_-_Corridor_of_the_Martyrs_-_The_old_cage_of_St_Luc.jpg	[<June_2016>]
24031602	McDonald's,_W_Hill_Ave.,_Valdosta.JPG	[<2013>, <January_2013>]
26108238	13-05-15-plenarsaal-landtag-bawue-59.jpg	[<2013>]
64384241	The_Arba'een_Pilgrimage_is_the_world's_largest_public_gathering_that_is_held_every_year_in_Iraq._Photo_by_mostafa_meraji_22.jpg	[<Arba'een_Pilgrimage>]
62725558	Theresianische_Militärakademie,_Wiener_Neustadt_17.jpg	[<2017>]
8597966	COLLECTIE_TROPENMUSEUM_Portret_van_een_jongen_op_zijn_verjaardag_Tjitjoeroeg_TMnr_60029820.jpg	[<1924>]
2595529	Susan_Stratton_against_SPP.jpg	[<2007>, <August_2007>]
44165502	Weston-super-Mare_-_FGW_43136_in_platform_1.JPG	[<2015>, <February_2015>]
15256009	DEMF.jpg	[<Detroit_Electronic_Music_Festival>]
63380942	Chambéria_-_oct_2017_-_17.JPG	[<October_2017>]
58251726	The_Dixie_Hummingbirds_(239252818).jpg	[<Cambridge_Folk_Festival>]
26257251	StateLibQld_2_254632_Looking_towards_Red_Hill_from_a_feature_window_in_a_wall_at_Government_House,_Brisbane,_1932.jpg	[<1932>]
61517206	Christoper_Street_Day_2017,_Hamburg_23.jpg	[<2017>]
7602875	Bogside_Inn_(01),_August_2009.JPG	[<August_2009>]
50613397	Schëld_Rue_Mechtem,_Uewerdonwen-101.jpg	[<August_2016>]
36606285	OPP_Dec_1978_Police_training_020.jpg	[<1978>]
43586917	The_natural_history_of_British_birds,_or,_A_selection_of_the_most_rare,_beautiful_and_interesting_birds_which_inhabit_this_country_-_the_descriptions_from_the_Systema_naturae_of_Linnaeus_-_with_(14749454662).jpg	[<1794>]
18496796	Kölner_Rosenmontagszug-8984.jpg	[<2012>]
9770443	Saint_Patricks_Beads_Louisiana_Army_National_Guard.jpg	[<Saint_Patrick's_Day>]
7764074	Wacky_Races_-_The_Crimson_Haybailer.jpg	[<Goodwood_Festival_of_Speed>]
25971832	Schmale_Straße_5_(Quedlinburg).JPG	[<2013>]
50058455	Vigadó_téri_hajóállomás,_háttérben_az_épülő_Erzsébet_híd_és_a_Gellért-hegy._Fortepan_50712.jpg	[<1964>]
51390272	Onam_thrikkakkarappan.jpg	[<Onam>]
37472084	E129a6.jpg	[<December_2014>]
1464743	Atlas_Agena_B_with_Ranger_2_(Nov._18_1961).jpg	[<1961>, <November_1961>]
19904595	Flickr_-_brewbooks_-_Castilleja_linariifolia_(15).jpg	[<September_2010>]
31859989	Rosy_(8652819975).jpg	[<2013>]
70127206	Moscow,_Otkrytoe_Schosse_tram_loop_(21256120941).jpg	[<2015>]
73059492	Organizing_for_America_Obama_2012_Cleveland_(9388934206).jpg	[<2012>]
49849192	Capital_Pride_Parade_DC_2016_(27826245932).jpg	[<June_2016>, <Capital_Pride_(Washington,_D.C.)>]
34733725	Feature._Street_Car_Strike_BAnQ_P48S1P09154.jpg	[<1943>, <March_1943>]
53050867	Aerial_photograph_of_a_Curtiss_JN-4_in_flight._(24235790881).jpg	[<1910>]
32945521	Satellitenkommunikation_-_Satellite_communications_(14213589176).jpg	[<2014>, <May_2014>]
27826779	GateKeeper_102_(9550413688).jpg	[<August_2013>]
57107639	Großer_Garten,_Dresden_(943).jpg	[<January_2014>]
13518928	R.A.F._Station,_disused_-_geograph.org.uk_-_835327.jpg	[<June_2008>]
52080644	Ráckapu_overpass_and_column_in_Eger,_2016_Hungary.jpg	[<2016>]
749753	1086-Bingley-detail.jpg	[<Domesday_Book>]
50230780	2016194224431_2016-07-12_Fotoprobe_Nibelungen_Festspiele_Worms_Gold_-_Sven_-_1D_X_II_-_1717_-_AK8I7683_mod.jpg	[<Nibelungenfestspiele_Worms>]
13682721	Near_Bonby_-_geograph.org.uk_-_980725.jpg	[<2008>, <September_2008>]
33505068	Kullu_Townscape_with_River_Beas_-_Kullu_-_Himachal_Pradesh_-_2014-05-09_2193.JPG	[<May_2014>]
53532878	Stonehouse_(1979).jpg	[<1979>]
23625437	Fete_de_la_Musique_Brisbane_2010_(5469939970)_(2).jpg	[<Music_festival>, <Fête_de_la_Musique>]
56726813	Elecciones_Generales_Gibraltar,_26_de_noviembre_de_2015_(23242781511).jpg	[<2015>]
44221687	Fraser_House_Plaque.jpg	[<1982>]
27925398	Mater_Dolorosa_-_Schmellnricht_003.JPG	[<Mater_Dolorosa>]
33836871	George_Perez_looks_for_a_spot._(9318952301).jpg	[<Comic-con_International>]
54302409	Shinramikai_booth_at_CWT44_20161211.jpg	[<December_2016>]
13494200	Muir_Lea_Stores,_Robin_Hood's_Bay_-_geograph.org.uk_-_818275.jpg	[<May_2008>]
29868014	SC_Wiener_Neustadt_vs._SV_Grödig_2013-11-23_(32).jpg	[<2013>]
52246135	Lagny-sur-Marne_Notre-Dame-des-Ardents_700_875.jpg	[<Presentation_of_Mary>]
74664514	Ricky_Jay_by_David_Shankbone_(cropped).jpg	[<Tribeca_Film_Festival>]
40384302	Dohnaische_Straße_Pirna_in_color_119830073.jpg	[<May_2015>]
59946761	VIEW_,_®'s_-_DiDi_-_RM_-_Ð_6K_-_┼_,_MADRID_PUERTA_de_ATOCHA_EDIFICIOS_-_panoramio_(22).jpg	[<May_2015>]
39126388	Jyväskylä_-_rail_track.jpg	[<2015>]
54685985	P1050416_(6661913835).jpg	[<2012>, <2011-12_AHL_season>]
71131367	Swine_poster_(2775015843).jpg	[<Canadian_National_Exhibition>]
38202786	Synagogue_Chasseloup-Laubat_2014_(Paris)_17.jpg	[<April_2014>]
70139931	Bellingrath_Gardens_and_Home_2018_03.jpg	[<June_2018>]
42605277	Unidentified_plants_in_Italy_100.jpg	[<June_2015>]
35938187	John_Leeming_house_and_grounds,_Cote_des_Neiges_Road,_Montreal,_1859.jpg	[<1859>]
57449957	2012-09-02_BI_Ing._Günter_Tuder,_ELM_Johann_Freudenthaler_and_LM_Bgm._Franz_Größbacher_at_Feuerwehrfest_Frankenfels_(2).jpg	[<2012>]
58353100	20170428_總統主持「國軍重要高階幹部授勳暨晉任佈達授階典禮」_01m16s.jpg	[<April_2017>]
4288430	HK_RavanaGarden.JPG	[<2008>]
35368296	Biblitoeca_de_Torroella_de_Montgrí.JPG	[<August_2014>]
33947757	Lord_Mayor's_Show,_London_2006_(295237156).jpg	[<Lord_Mayor's_Show>]
14547248	'04-'06_Ford_F-150_Regular_Cab_(Les_chauds_vendredis_'10).jpg	[<2010>]
56150822	Danish_Herc_C-130J_IMG_9617_(17807027093).jpg	[<2015>]
63832331	President_Klaus_Iohannis_of_Romania_Participates_in_a_Full_Honors_Wreath_Laying_Ceremony_(34332181233).jpg	[<June_2017>]
69974482	Matsuzaki-shuku_North_Gate_02.jpg	[<June_2018>]
67771576	San_Giacomo_dall'Orio_(Venice)_-_San_Lorenzo,_San_Giuliano_e_San_Prospero,_(1581),_di_Paolo_Veronese.jpg	[<May_2017>]
68196592	Sarajevo_Alipasin-Most_2011-11-04_(40).jpg	[<November_2011>]
10010286	Wilts_&amp;_Dorset_404_HF54_KXW_rear_2.JPG	[<February_2010>]
70131576	DSC_4833_(35429097281).jpg	[<Chicago_Pride_Parade>]
1203564	Mănăstirea_Cotroceni,_1860.jpg	[<1860>]
34553977	Can_Bonet_P1490925.jpg	[<August_2014>]
34952724	Iwaya_Station.jpg	[<March_2007>, <2007>]
60643874	Sadhu_Akhara_-_Gangasagar_Fair_Transit_Camp_-_Kolkata_2016-01-09_8457.JPG	[<January_2016>]
26909416	St_Michael's_Church,_Wigan_(2).JPG	[<June_2013>]
65610318	Pawlenty,_Republican_Leadership_for_Iowa_dinner_186_(4084347389).jpg	[<November_2009>]
23819249	Detail_kolom_noord-west_zijde_schip_-_Utrecht_-_20232924_-_RCE.jpg	[<1978>]
69510326	2018-05-27_FF_USV_Jena_vs_SC_Freiburg_(Allianz-Frauen-Bundesliga)_by_Sandro_Halank–033.jpg	[<2018>]
18729968	Cable_ferry_Torquil_MacLean_-_Nova_Scotia,_Canada_-_Sept._2011.jpg	[<September_2011>, <2011>]
66292888	Bezoek_Britse_oorlogsschepen_aan_Rotterdam._Onderzeboten,_waaronder_de_HMS_Aene…,_Bestanddeelnr_903-4829.jpg	[<1949>]
31949749	El_tótem_telúrico_-_Plaza_del_Quinto_Centenario_(5420922841).jpg	[<December_2010>]
32373010	British_Polo_Day_Morocco_(14011234483).jpg	[<2014>]
32285413	Puumalansalmen_silta.jpg	[<2010>]
29681691	DSC5718_-_Flickr_-_dconvertini.jpg	[<June_2013>]
64790644	State_Museum_of_Gulag_History_(2017-12-12)_-_69.jpg	[<December_2017>]
9238752	Marstow_-_geograph.org.uk_-_135068.jpg	[<March_2006>]
71115943	Ursula_Strauss_-_2018200212518_2018-07-19_Fotoprobe_Nibelungen_Festspiele_Worms_Siegfrieds_Erben_-_Sven_-_1D_X_MK_II_-_0539_-_B70I9227.jpg	[<Nibelungenfestspiele_Worms>]
32190088	Bataitala_Bazaar_Crossing_-_Sibpur_-_Howrah_2014-04-12_0092.JPG	[<April_2014>]
7720692	Deutsches_Reichsgesetzblatt_1883_015_169.jpg	[<1883>]
4351891	João_Ferreira_Villela_com_a_Ama-de-Leite_Mônica,_1860.jpg	[<1860_in_Brazil>]
29177010	Army_Academy_R.O.C._Military_Drums_Team_Leaving_Ground_after_Performance_Completed_20131012.jpg	[<2013>]
3127911	Fresko_Druckerei_Pfister_Bamberg_1461-Rothbart.JPG	[<1460>, <15th_century>]
10351301	BattlefieldLineM25729.JPG	[<August_2009>]
17121128	OASIS_IN_THE_CITY-BLOCK_SQUARE_PARK_AT_EAST_5TH_AND_MARKET_STREETS_-_NARA_-_551452.jpg	[<June_1973>, <1973>]
35122420	Tauron_Nowa_Muzyka_2014_-_Neneh_Cherry_(04).jpg	[<Tauron_Nowa_Muzyka>]
11441466	Sandown_Grand_Hotel_bus_stop_flag_2.JPG	[<December_2009>]
48461086	Descendimieno_Trono_4.jpg	[<Holy_Week>, <Good_Friday>]
57216420	Katonah_Metro-North;_March_11,_2017_001.jpg	[<March_2017>]
24448135	Whitwell_well_dressing_display_2011_13.JPG	[<August_2011>]
29797062	Nelson_Tift_bust.JPG	[<November_2013>]
63284006	Lisboa_DSC_0320_(36839100014).jpg	[<April_2017>]
16830120	HOT_AIR_BALLOON_IS_PREPARED_FOR_AN_ASCENT_AT_THE_FIFTH_ANNUAL_OKTOBERFEST_AT_HELEN,_GEORGIA,_NEAR_ROBERTSTOWN...._-_NARA_-_557798.tif	[<Balloon_festival>, <1975>]
9892176	Hillsboro_Civic_Center_night_front_-_Hillsboro,_Oregon.JPG	[<2010>]
62088719	Nöschenröder_Straße37_wernigerode_märz2017_(34).jpg	[<2017>]
27672774	David_Newell_at_2010_New_York_Comic_Con.jpg	[<New_York_Comic_Con>]
68476196	Stanwell_Creek_Viaduct,_December_1937.png	[<1937_in_Australia>]
818245	Juli_Schlossgrabenfest_2006_3.jpg	[<Schlossgrabenfest>]
40298491	Pigmeo_in_avorio,_etruria,_325-300_ac_ca._02.JPG	[<2015>]
41984794	Organ_Pipes_(East)._Musical_fountain_on_Margaret_Island._-_Budapest,_Hungary.JPG	[<July_2015>]
73575065	Ebern_Friedhofskapelle_Wappen_9091103.jpg	[<September_2018>]
73920665	Houston_St_6th_Av_td_td_(2018-05-23)_07a.jpg	[<May_2018>]
72852570	Iris_Apatow_at_SXSW_Red_Carpet_premiere_of_BLOCKERS_(39852920695).jpg	[<South_by_Southwest>]
11288153	The_Spinnaker_Tower_in_the_gloaming_-_geograph.org.uk_-_258326.jpg	[<October_2006>]
18147117	Linstow_Kirche_2009-07-16_097.jpg	[<2009>]
38783023	2014_Erywań,_Armeńska_Akademia_Nauk_(01).jpg	[<2014>, <June_2014>]
14592886	Newquay_Harbour_-_geograph.org.uk_-_1772393.jpg	[<August_2006>]
37810591	Site_of_the_former_Kirkstall_Forge,_Kirkstall,_Leeds_(30th_December_2014)_005.jpg	[<December_2014>, <2014>]
25880106	Lisbon_Portugal_430_(5108670086).jpg	[<1969_in_Portugal>]
25042644	Car_caught_between_two_TTC_Peter_Witt_streetcars.jpg	[<2411>, <2135>, <July_1923>, <1923_in_Canada>, <1923>]
26154874	Norris_Green,_Liverpool_(13).JPG	[<May_2013>]
27931400	466_Squadron_RAAF_Halifax_at_Leconfield_UK0953.jpg	[<January_1944>]
52012973	Hanžeković_Memorial_20160905_DSC_5761.jpg	[<2016>]
53717063	Festival_de_Cornouaille_2016_-_Red_Cardell_-_01.jpg	[<Festival_de_Cornouaille>]
29759584	Malta_-_Kalkara_-_Fort_Rinella_07_ies.jpg	[<2013_in_Malta>]
16466957	Romfartuna_kyrka_3729.jpg	[<September_2011>, <2011>]
40568238	Troyes_Saint-Jean-au-Marché_Baie_019_610.jpg	[<Dormition_of_Mary>]
48449187	Sangre_Libro_de_Reglas.jpg	[<Holy_Wednesday>, <Holy_Week>]
65200080	Primer_Congreso_Internacional_de_Escritores_para_la_Defensa_de_la_Cultura_07.jpg	[<1935>]
37000775	2011년_5월_육군_동복유격장_(41)_(6992187220).jpg	[<2011>]
64250495	Bloemencorso_Zundert_2014_(15181147325).jpg	[<Bloemencorso_Zundert>]
26611080	D-ATUE_B737-800_TUI_logojet_DB_(6072257511).jpg	[<2011>]
65107377	Nanheng_Station_Platform_2_2017_12.jpg	[<December_2017>]
24263398	Kleurstelling_van_het_schilderwerk_van_de_voorgevel_-_Utrecht_-_20534584_-_RCE.jpg	[<2010_in_the_Netherlands>]
45948918	1451359631024_l.jpg	[<1230>]
58882599	20170509Caltha_palustris1.jpg	[<2017>]
13920562	Converted_Barn_-_Wilstone_Little_Farm_-_Farm_Shop_-_geograph.org.uk_-_1205000.jpg	[<March_2009>]
61507481	20170805_226_weil_am_rhein_vitra.jpg	[<2017>, <August_2017>]
35347673	Gdańsk_ulica_Cystersów_i_Stary_Rynek_Oliwski.JPG	[<2014>]
39264468	Sexual_assault_prevention_training_takes_on_new_act_140121-M-EG514-007.jpg	[<2014>]
1016430	Franzenelluna.jpg	[<2006>]
45574010	Fotveita_(1930)_(22180745932).jpg	[<1930>]
25530105	U.S._Soldiers,_assigned_to_5th_Battalion,_7th_Air_Defense_Artillery_Regiment,_and_Israeli_Defense_Forces_soldiers_compete_in_a_basketball_game_during_a_field_competition_in_Hazor,_Israel_121101-F-QW942-442.jpg	[<2012>]
6215680	JR_Shinano_machi_station.jpg	[<September_2005>]
30938819	Recreation_Grounds_Divided_Into_Battalions_by_Wire_Fence_Art.IWMART17092.jpg	[<1915>]
34639991	20140622_Buzludzha_080.jpg	[<2014_in_Bulgaria>]
61481346	Secretary_Kelly_visits_aboard_USCGC_Aspen_(36354117025).jpg	[<July_2017>]
6873598	NW_Folklife_2009_-_African_baskets.jpg	[<Northwest_Folklife_Festival>]
772443	Marlene_charell_19870912.jpg	[<1987>, <September_1987>]
17512170	Humperdinck22.jpg	[<2011>]
8874941	Bepton_Common.JPG	[<April_2008>]
21819199	Landkern_St._Servatius_41.JPG	[<2012>]
36703261	Millbrook_entrance.jpg	[<November_2014>]
23996776	Interieur,_salon,_met_schouwpartij_en_doorkijk_naar_tuinkamer_-_Middelburg_-_20335920_-_RCE.jpg	[<1995>]
3851989	Harmada_Nishan_Pooja_2008.JPG	[<Khatushyamji>]
4308732	Leaf_-_vlaggetjesdag.jpg	[<Vlaggetjesdag>]
74633398	New_York_Times_rapporten_-_Ett_år_etter_-_NMD_2015_(17217410009).jpg	[<May_2015>]
44343934	1WK15_Trako_(08)_Travelarz.JPG	[<2015>, <September_2015>]
32402688	10-1438_Mignet_HM290_Pou-Du-Ciel_Replica_(6922824553).jpg	[<2010>]
12254255	ZOOID_13.djvu	[<1883>]
65947081	Fleeing..._from_the_Massacre,_Abed_Abdi,_1976.jpg	[<1948>, <1940>]
46362764	Jesus_stirbt_am_Kreuz._Kirche_des_Heiligen_Franziskus._-_Fő_Straße,_Budapest.JPG	[<December_2015>]
23980451	Deel_noordgevel_gezien_vanuit_het_noordwesten_-_Helmond_-_20327347_-_RCE.jpg	[<1921>]
62027288	Eglise_Sainte_Catherine._Basses-Huttes.jpg	[<1867>]
13376880	Aberffrwd_Station_-_geograph.org.uk_-_710759.jpg	[<March_2008>]
641682	Kentmere_Church.jpg	[<October_2005>]
62544733	Eastern_front._Lithuania_under_German_supervision._In_a_butter_and_cheese_shop_in_Wilna._September_1917_-_NARA_-_17391012.jpg	[<1917>]
42702266	Akseli_Gallen-Kallela_plaquet_Budapest.JPG	[<August_2015>]
41880373	O-3-9_Norge-_Løfallstrand,_Kvinnherad,_Hardangerfjord_(9354975729).jpg	[<1970>]
58157360	30.7.16_Hradozámecké_slavnosti_JH_567_(28626928021).jpg	[<wikicat_2016_festivals>]
27272184	AMTSBLG.JPG	[<2013>, <July_2013>]
9002643	2000-06-Corfu-55.jpg	[<June_2000>, <2000>]
54998539	Damba_Festival_1.jpg	[<2016_in_Ghana>, <Damba_festival>]
31078609	Roma--rom-atac-sl-758898.jpg	[<1993>, <February_1993>]
29839318	Airbus_A340-600_Iberia_(IBE)_F-WWCG_-_MSN_960_-_Will_be_EC-LEU_-_Named_Virgen_de_Montserrat_(3253593097).jpg	[<2009>]
17412477	Searose_G_-_IMO_9050096_-_Callsign_C6UC2,_at_IJmuiden,_Port_of_Amsterdam_photo-8.JPG	[<2011>]
11425346	Felsenegg-Girstel_-_Utoquai_2010-09-08_18-21-56.JPG	[<September_2010>, <2010>]
56191781	2016_Ponte_Solferino.jpg	[<2016>]
36078777	WLM14ES_-_16102009_204401_CRDB_1041_-_.jpg	[<October_2009>]
14200596	Harvesting_at_Pitcher's_Green_-_geograph.org.uk_-_1457252.jpg	[<August_2009>]
25517165	Burg_Nürnberg-078-Nürnberg_2013_MG_4173.jpg	[<2013>]
37986099	View_from_Astoria_Column_toward_Youngs_River_at_sunset_02.jpg	[<January_2015>]
28285710	EasyJet_Switzerland_Airbus_A319,_HB-JZK@GVA,24.02.2007-451fe_-_Flickr_-_Aero_Icarus.jpg	[<2007>]
14826812	St_Nicholas_Church,_Carrickfergus,_January_2011_(27).JPG	[<January_2011>]
57649523	Shanghai_unsorted_(557816840).jpg	[<2007>]
22807840	Flickr_-_Government_Press_Office_(GPO)_-_Lag_Ba'Omer_at_Bayit_Vegan.jpg	[<Lag_Ba'omer>]
59277990	YOUNG_FRUIT_TREES_AGAINST_THE_BACKGROUND_OF_THE_LIVING_QUARTER_AT_KIBBUTZ_DOROT._עצי_פרי_בקיבוץ_דורות_בנגב.D15-016.jpg	[<1943>]
53184823	Street_singer,_Place_des_Vosges,_Paris_8_March_2015.jpg	[<March_2015>]
51387012	Nyugati_(Marx)_tér_az_aluljáró_és_a_felüjáró_építési_munkálatai_alatt,_szemben_a_Bajcsy-Zsilinszky_út._Fortepan_99444.jpg	[<1978>]
47731711	Koubbetlehwetunis_31.jpg	[<Koubba>]
47647365	Relocation_of_Kish_Air_Tupolev_Tu-154_(EP-LBR)_to_the_Kish_Island_coast_(15).jpg	[<2016>]
28500995	British_Aerospace_Avro_146-RJ85,_Lufthansa_(Lufthansa_CityLine)_AN0512529.jpg	[<2004>]
55026999	Truss_-_panoramio_(3).jpg	[<Engen>]
69574631	Dan_Fogler_(42410662712).jpg	[<May_2018>]
45033447	Fennpfuhlpark_Pappel_(2)_2015-11-21_ama_fec.jpg	[<2015>]
51623929	Boulevard_des_Airs_-_Festival_du_Bout_du_Monde_2016_-_090.jpg	[<Festival_du_Bout_du_Monde>]
46990316	Hampi_Tour_Feb_2016209.jpeg	[<February_2016>]
44179712	Launceston_D_Ritchie_&amp;_Son_Millers_Ghost_Sign.JPG	[<August_2015>]
39629812	Boldog_Meszlényi_Zoltán_Church._Bell_Tower_from_N._-_Budapest,_11th_district._Kelenföld._Fehérvári_St._88.JPG	[<April_2015>]
22201723	New_York_Giants_vs_Green_Bay_Packers_6.jpg	[<2011_New_York_Giants_season>, <2011_Green_Bay_Packers_season>]
27102493	Fete_du_Canada_2013,_Vieux-Port_de_Montreal_-_106.jpg	[<2013>]
32734252	Los_Angeles_Times_Building_05.jpg	[<2014>]
58026355	GOL_B-738_PR-VBF_(34037387355)_(2).jpg	[<2017>, <April_2017>]
52255815	Future_site_of_PGE_Arena_Gdańsk_(Panoramio_18348551).jpg	[<2008>, <2009>]
6078685	Fedora_Hats.jpg	[<2006>]
35533119	Jerusalem_Day_-_יום_ירושלים_(3557119083).jpg	[<Yom_Yerushalayim>]
60744667	Paris_P1010124_(35632572221).jpg	[<July_2017>]
25814188	Yuffie_Kisaragi_Comiket.jpg	[<2009>, <December_2009>]
8527657	1820_DavidFelt_Dec22_NewEnglandPalladium_p4.png	[<1820>]
24546096	Yonge_street_22_(8364154191).jpg	[<October_2007>]
47540511	20160313Veronica_hederifolia1.jpg	[<2016>]
37782934	Santa_Clause_in_front_of_Dooly_County_Courthouse_2014.JPG	[<Santa_Claus>, <December_2014>, <2014>]
13246919	Kungstensgatan_33-35.JPG	[<1887>]
59568998	Protests_Liverpool_June_3_2017_(70).JPG	[<June_2017>]
5347697	Bundesarchiv_Bild_183-1989-1215-011,_Wismar,_&quot;Der_Alte_Schwede&quot;,_Wasserkunst&quot;.jpg	[<1989>]
14327582	Housing_by_the_canal_north_of_Barlaston,_Staffordshire_-_geograph.org.uk_-_1579205.jpg	[<September_2009>]
58062043	HK_旺角_Mongkok_亞皆老街_Argyle_Street_砵蘭街_Portland_Street_April_2017_IX1_06_MTR_Mong_Kok_Station_entrance_n_visitors.jpg	[<2017>, <April_2017>]
44719553	20151102_neuville03.jpg	[<2015>, <November_2015>]
46697114	European_Solidarity_Centre_2015_050.jpg	[<2015>]
52621789	Colombia_in_1942.svg	[<1942>]
27391882	McDonnell_Douglas_DC-8-63(F),_Murray_Air_AN0670910.jpg	[<2004>]
61056811	Secretary_Kerry_Greets_Officers_at_the_Milan_Expo.jpg	[<October_2015>]
4291662	Moerkerke_-_Sint-Dionysiuskerk_2.jpg	[<2008>, <June_2008>]
55234150	Bolden_D.A.R.E._graduates_say_no_to_drugs_151216-M-SK244-002.jpg	[<December_2015>]
21093792	Königsbrücker_Straße_9_Dresden_2.JPG	[<September_2012>]
13907850	Lokasi_Sulawesi_Tenggara_Kabupaten_Konawe.svg	[<Konawe_Regency>]
59553058	Greenwich_Park_,_London_,_UK_,_March_2015_._The_Mariners_Time_Ball_at_Flamsteed_House._The_time_ball_is_lifted_to_halfway_at_1255_GMT_(BST_in_Summer)_,_at_1258_it_is_raised_to_the_top_and_at_1300hrs_GMT_it_drops_to_-_panoramio.jpg	[<2015>, <March_2015>]
23457771	Skymark_B737-800(JA737U)_(4912005418).jpg	[<2010>]
63541819	HK_上環_Sheung_Wan_德輔道中_Des_Voeux_Road_Central_急庇利街_Clevely_Street_shop_FX_rates_RMB_October_2017_IX1_02.jpg	[<2017>, <October_2017>]
66133017	Nueva_sede_de_ISDEFE_(4779113729).jpg	[<July_2010>]
1734981	UH-1Y_Huey.jpg	[<2005>]
43997277	The_Post-Office_annual_Glasgow_directory_(1893)_(14577490600).jpg	[<1893_in_Scotland>]
20129381	Tom_Green_by_Gage_Skidmore.jpg	[<VidCon>]
47788025	Albion_College_Observatory.jpg	[<March_2016>]
73428212	IX8A9872_(30584746668).jpg	[<September_2018>]
15822964	South-qi-02.jpg	[<July_2011>, <2011>]
23456888	Alitalia_B777-200ER(I-DISU)_(5461010919).jpg	[<2010>]
63478288	National_Organization_For_Youth_Safety_(23888564338).jpg	[<October_2017>]
57886136	Guldsmedgade.jpg	[<April_2017>]
3190968	2007_FoC,_Cabaret_Theatre_of_Nonsense_004.jpg	[<2007>]
44163654	Bulletin_Societe_D'Histoire_Naturelle_de_Toulouse_(et_de_Midi_Pyrenees)._(1883)_(14779512624).jpg	[<1883>]
23075460	Di_tepi_sungai_(139).JPG	[<October_2012>]
72708410	Wawa_Area_(3699581030).jpg	[<June_2009>]
73565631	Szombathelyi_Haladás_stadion_-_légi_fotó.jpg	[<September_2018>]
13851007	Trent_and_Mersey_Canal,_Stone_-_geograph.org.uk_-_1134396.jpg	[<January_2009>]
28632106	Nanna_Johansson,_Bokmässan_2013_2.jpg	[<Göteborg_Book_Fair>]
21473981	Wagga_Wagga_Airport_terminal_from_the_tarmac_(1).jpg	[<September_2012>]
49286063	C-FWSO_(16316093830).jpg	[<2015>]
36992484	Umbrella_movement_Mong_Kok_clearance_37.JPG	[<November>]
29732775	Grand_Army_Plaza_IRT_E-Pkwy;_P-Mosaic.JPG	[<November_2013>]
17253622	Siwa_Koskela_Oulu_20111106.JPG	[<2011>]
27137929	JamesMBeckWithDaughter.jpg	[<1924>]
38716571	USS_Bonhomme_Richard_operations_140321-N-MK341-001.jpg	[<Women's_History_Month>]
45300540	Marcha_das_Mulheres_Negras_(22706944708).jpg	[<Black_Awareness_Day>]
17503206	Evelina_Bledans_(2010)_(1).JPG	[<2010>]
23064001	Numéro_097,_Avenue_Jean_Jaurès_(Paris).jpg	[<97>]
20108935	R_Schumann_Bonngasse.jpg	[<2007>]
14187196	Bow_Street,_Donaghadee_-_geograph.org.uk_-_1445719.jpg	[<August_2009>]
1162215	Genkyuen05s3000.jpg	[<2006>]
52475288	Osterfeuer_Banteln_mit_Sonnenuntergang_-_panoramio.jpg	[<Easter_Fire>]
25100143	Tryck._Modebild_från_Le_Journal_des_dames_et_des_demoiselles._Maj_1861._Klänningar_-_Nordiska_Museet_-_NMA.0052109.jpg	[<1861>]
67106153	Capitol_white_lead_-_Ground_in_pure_linseed_oil_by_the_Nassau_White_Lead_and_Color_Works,_New_York_LCCN2001701501.tif	[<1866>]
27538301	Kościół_pod_wezwaniem_Św._Andrzeja_Apostoła_w_Broku_nad_Bugiem_21.JPG	[<July_2013>]
7949029	Fotothek_df_roe-neg_0006166_005_Fachbesucher_in_einer_Ausstellung_über_polnische.jpg	[<1951>]
24579781	Stockwieser_Hütte2.JPG	[<2013>, <2012>]
67395749	Official_beginning_of_Rowing_sport_in_Iran,_The_Opening_ceremony_-_8_May_2006_(7_8502180583_L600).jpg	[<May_2006>, <2006>]
7767978	SNV33481.JPG	[<September_2009>, <2009>]
58320886	Los_Carneros_Chardonnay.jpg	[<May_2016>]
36032648	Brno-rozbagrovaný-Zelňák2014a.jpg	[<2015>, <2014>]
52386455	Регламентные_работы_Пурсвязь,_company_telecommunication_-_panoramio.jpg	[<2115>]
67505924	ПУТЬ_ВИКИНГОВ_(353).jpg	[<wikicat_Music_festivals_in_Belarus>]
17113094	THE_UNIVERSITY_OF_ALASKA'S_MAIN_CAMPUS_FILLS_THE_FOREGROUND_IN_THIS_VIEW_LOOKING_SOUTHEAST_TOWARD_FAIRBANKS._THE..._-_NARA_-_550557.jpg	[<1973>]
38904694	Western_College_on_Tree_Day_1915_(3191643422).jpg	[<1900>]
21924689	'Alters-_und_Pflegeheim_Bürgerspital',_vormals_'Heiliggeist-Spital'_beim_Fischmarktplatz_in_Rapperswil_2012-10-05_15-38-32.jpg	[<2012>]
38815207	C08.37_Straße_der_Nationen,_ET_530.jpg	[<2006>]
30890949	Wnętrza_Muzeum_Miejskiego_w_Peraście_05.JPG	[<August_2009>]
48451450	Reigart_delivery_vehicle_-_garden_salvage_(4951140094).jpg	[<2010>]
41641175	Golf_Carts_on_St._Simons.JPG	[<June_2015>]
38308910	Crucifix_of_the_cathedralin_Sutri.JPG	[<Santa_Maria_assunta>]
677774	Fashion_1796-enh.jpg	[<1796>]
70533024	Black_Stone_Cherry_-_2018173194854_2018-06-22_Rock_the_Ring_-_1D_X_MK_II_-_1380_-_AK8I3796.jpg	[<Rock_the_Ring>]
71056969	20180720_131_leeuwarden.jpg	[<July_2018>, <2018>]
66252639	Kinderen_bezoeken_H._Ms._Van_Kinsbergen_te_Rotterdam,_Bestanddeelnr_902-8351.jpg	[<1948>]
10767697	West_View_Health_Village,_Fleetwood_-_DSC06542.JPG	[<2010>, <June_2010>]
33057942	&quot;Урочище_Чагарі&quot;_краєвид_з_ставка.jpg	[<2014>]
307587	In_Darkest_Africa_Emin_Pasha.jpg	[<1889>]
57500799	Milon_de_Crotona_04.jpg	[<2017>]
39694601	Am_Plan_Pirna_118849415.jpg	[<April_2015>]
67234513	Rellen_in_Amsterdam_op_de_Dam_Deense_mariniers_tussen_jongeren,_Bestanddeelnr_923-7862.jpg	[<1970>]
60208417	Red_Bean_Parade_2017_Start_(33003379672).jpg	[<New_Orleans_Mardi_Gras>]
56392908	China-330's_(16230338616).jpg	[<2008>]
30783821	Red_Kite_-_Gigrin_Farm_Wales_(10347304673).jpg	[<October_2013>]
42283978	Reflejo,_Estación_de_Santa_Justa,_Sevilla,_España,_2015.JPG	[<2015>, <August_2015>]
29669360	OY-KBC.jpg	[<2013>]
32937422	Vía_Aricagua.JPG	[<January_2014>]
40922446	Arendal_-_no-nb_digifoto_20150603_00043_NB_MIT_FNR_17169.jpg	[<1957>]
8081204	Tetsujin_28_and_a_ceremony_Oct09_029.JPG	[<2009>, <October_2009>]
36375918	Dulal_Manna_-_Howrah_2014-10-19_9837.JPG	[<October_2014>]
63691434	Panneau_entrée_Berzé_Ville_1.jpg	[<October_2017>]
63434677	Joey_Kelly,_Till_Lindemann_-_2017287140952_2017-10-14_Buchmesse_-_Sven_-_1D_X_MK_II_-_451_-_B70I9273.jpg	[<Frankfurter_Buchmesse>]
70538902	תל_אביב_-_התחנה_המרכזית-ZKlugerPhotos-00132o7-0907170685134d0c.jpg	[<1946>]
30876266	Manif_pour_tous_et_veillleurs_au_COE_26_juin_2013-07.jpg	[<2013>]
23713938	Toren_westzijde_exterieur_-_Oosternijkerk_-_20175200_-_RCE.jpg	[<1972>]
35349453	Salt_Tower_graffiti_(4).JPG	[<August_2014>]
57891243	Terézváros_district_council,_entrance_and_lighting,_2016_Budapest.jpg	[<December_2016>]
12652157	Moscow,_Malaya_Ordynka_30-6_June_2008_01.JPG	[<2109>]
38584208	Santiago,_cite_Las_Palmas_(16369069595).jpg	[<1914_in_Chile>]
14006675	Coastal_Defences_at_Leysdown_Coastal_Park_-_geograph.org.uk_-_1286739.jpg	[<May_2009>]
73192480	Saab_JAS-39C_Gripen_HUD_at_ADAS_2018.jpg	[<2018>]
26673468	United_Airlines_Boeing_737-500;_N935UA@_LAX;21.04.2007_466my_(4289371994).jpg	[<2007>]
627899	Iceland-Reykjavik-LSH-Kleppsspitali-5.jpg	[<2006>]
28121283	FN_Byen_byggeri,_2013-09-04.jpg	[<September_2013>]
53898726	Haïdouti_Orkestar_-_Festival_du_Bout_du_Monde_2016_-_033.jpg	[<Festival_du_Bout_du_Monde>]
64730764	Père-Lachaise_-_Division_16_-_Brierre_de_Boismont_02.jpg	[<December_2017>]
63810799	Château_de_Nux_2.jpg	[<September_2017>]
65245459	Arde_Lucus_2017_(35011464023).jpg	[<Arde_Lucus>]
67942151	N815NW,_EHAM_2.jpg	[<2017>, <September_2017>]
37380168	Ricard_Parera.jpg	[<May_2014>]
56623208	Square_du_Tchad_@_Paris_16_(33080101006).jpg	[<February_2017>]
43405580	Rottwerndorfer_Straße,_Pirna_123679770.jpg	[<August_2015>]
21706552	Llevant_-_Erreala.jpg	[<September_2012>]
43096144	Harmonia_ruralis,_or,_An_essay_towards_a_natural_history_of_British_song_birds_(Pl._42)_(8472607209).jpg	[<1796>]
63968935	Shanghai_(December_10,_2015)_-_018.jpg	[<December_2015>]
31853108	Werl_Marktstrasse_12_Im_Winkel_01.jpg	[<2013>]
28177895	Laserkraft_3D.JPG	[<Nature_One>]
50103036	Lohipato_School_Oulu_20160623_01.jpg	[<2016>]
33966280	Cinco_de_mayo_DC_2014_(13930283998).jpg	[<wikicat_Festivals_in_Washington,_D.C.>, <2014>, <Cinco_de_Mayo>]
45310354	NASCAR_71_Dave_Marcis_1983_Pocono.jpg	[<1983_in_NASCAR>]
59331718	Erik_Karlsson_(4145107049).jpg	[<2009-10_Ottawa_Senators_season>]
63363554	Sintra_(37607738586).jpg	[<2017>]
64781503	Razor,_cut-throat_(AM_648294).jpg	[<Barber>]
2897312	Yakisoba_closeup_by_jetalone_in_Umeda,_Osaka.jpg	[<December_2006>]
48451992	Deutsch_house_(1889)._Facade._-_39_Erzsébet_Boulevard,_Budapest.JPG	[<April_2016>]
15927893	Koralle2.jpg	[<2005>]
73836518	Houston_St_West_St_td_(2018-04-03)_07.jpg	[<April_2018>]
6043171	Helen_Twelvetrees,_Sydney,_1936_Sam_Hood.jpg	[<1936>]
37615595	Interactive_Lecture_Demonstration_-_Inaugural_Visit_-_Science_Cultivation_Centre_-_Swami_Akhandananda_Science_Centre_-_Ramakrishna_Mission_Ashrama_-_Sargachi_-_Murshidabad_2014-11-29_0426.JPG	[<November_2014>]
33626355	US-NY(1891)_p617_NYC,_CITY_HALL.jpg	[<1891>]
16712467	Императорский_Александровский_лицей_(дорожка_сада_-_Каменоостровский_пр).jpg	[<September_2011>]
28508206	Xe_lửa.jpg	[<2013_in_Vietnam>]
60580462	P1240776_(2287146114).jpg	[<February_2008>]
71696515	FHWA_Construction_Leadership2_(40499255835).jpg	[<Orange_Day>]
11623413	Vladimir_Solovyov_(journalist).jpg	[<September_2010>]
48772316	Magnolia_Sports_Complex,_Field_No_3.JPG	[<May_2016>]
62678574	Brattle_Hall,_Harvard_Square_in_Boston,_a_Daughter_of_American_Revolution,_Sonya_Bertelson_wonders_what_her_ancestor_did_at_this_congregational_spot.jpg	[<September_2017>]
63491616	Caucasian_Chalk_Circle_(16208218705).jpg	[<2008>]
21572511	Museo_PIcasso_._Palau_Berenguer_._Barcelona.JPG	[<June_2010>]
63832190	Atlanta_Falcons_Leadership_and_Players_Lay_a_Wreath_at_the_Tomb_of_the_Unknown_Soldier_at_Arlington_National_Cemetery_(35182812612).jpg	[<June_2017>]
48595316	Billig_Kriegerdenkmal_(02).jpg	[<2016>]
40713085	2015-05-29._11_городская_больница_в_Донецке_012.jpg	[<2015>, <May_2015>]
40768998	Jetstar_Asia_Airways,_A320-200,_9V-JSS_(18304118408).jpg	[<2015>]
21331610	VSU_Tennis_Courts_2.jpg	[<September_2012>, <2012>]
51368579	Biketown_station.jpg	[<August_2016>]
23387007	Achterzijde_van_het_huis_met_formele_tuinaanleg_-_Amsterdam_-_20017433_-_RCE.jpg	[<1965>]
51743935	At_Ned_Roberts_Lake…American_Coot_(8728267122).jpg	[<2013>]
1390889	Picswiss_VD-46-24.jpg	[<June_2005>, <2005>]
57224014	Last_train_to_Ashford_(31904380856).jpg	[<2016>]
47850204	2014_Prowincja_Gegharkunik,_Jezioro_Sewan_widziane_z_półwyspu_Sewan_(03).jpg	[<June_2014>]
55158157	2016_Singapur,_Gardens_by_the_Bay,_Wewnątrz_Kwiatowej_Kopuły_(71).jpg	[<February_2016>]
28881935	AMUSEMENT_PARK_AT_PRIPYAT_NEAR_THE_CHERNOBYL_PLANT_NOW_ABANDONED_UKRAINE_SEP_2013_(10006273464).jpg	[<2013>]
28698723	Esplunda_Herrgård_05.jpg	[<2013>, <August_2013>]
63861614	Grand_Army_of_the_Republic_Cemetery_(Portland,_Oregon),_2017_-_008.jpg	[<November_2017>]
46235951	EC-LRA_BCN_(24229569065).jpg	[<December_2015>]
22558882	1st_shitsugen-norokko.jpg	[<1660>, <1997>]
5771949	KamTinRuralCommittee.jpg	[<1969>]
67480943	Monumento_Shuhei_Uetsuka_-_017.jpg	[<2018>]
6175532	Ennepetal_Voerde_-_Volkssternwarte_06_ies.jpg	[<2008>, <October_2008>]
22876259	Star_Trek_posters_(7265759302).jpg	[<2012>]
20846836	Reines_du_Carnaval_de_Chalon-sur-Saône_1926.jpg	[<1926>]
58988830	Вікові_дерева_софори_японської_IMG_7657_10.jpg	[<2017>]
20755377	Ethiopian_Airlines_Twin_Otter_Stehmann-1.jpg	[<2005>]
14210103	Flowery_field,_Greetland_-_geograph.org.uk_-_1464116.jpg	[<August_2009>]
60660005	Fronleichnamsprozession_2015_Neumarkt_029.jpg	[<Corpus_Christi_procession>]
44985660	Fra_Ravnkloa_(1893)_(4134879313).jpg	[<1893>]
7554034	Vangen_kirke,_Aurland,_exterior,_July_2009-2.jpg	[<July_2009>]
61381522	View_from_Hummock_Hill,_Whyalla,_2017_(05).jpg	[<April_2017>]
244843	Hannover_Stadtbezirk_Mitte.png	[<July_2005>]
61389593	2017_Maastricht,_Bonbonnière,_zuidgevel_2.jpg	[<2017>, <July_2017>]
48694186	2016-05-09._День_Победы_в_Донецке_314.jpg	[<Victory_Day>]
62098609	Hong_Kong_protests_(15061079684).jpg	[<November>]
34434145	Perwez_-_Tour_de_Wallonie,_étape_2,_27_juillet_2014,_arrivée_(A07).JPG	[<2014>]
59977456	01_SZ_深圳灣公園_Shenzhen_Bay_Park_red_flowers_June_2017_IX1.jpg	[<June_2017>]
7993208	Deutsches_Reichsgesetzblatt_1884_026_198.jpg	[<1884>]
18774719	Equinox_Sunset_-_Kolkata_2012-03-20_9336.JPG	[<March_2012>]
29305714	Loz_tavito_nanao.png	[<2013>]
7952138	Fotothek_df_roe-neg_0006262_028_Vorderansicht_Neues_Rathaus.jpg	[<1952>]
5073705	Bartosz_Obłucki_-_2008_WEC_GP_of_Italy_2.jpg	[<2008>]
6545038	Fotothek_df_roe-neg_0006505_006_Schreibwarenstand_der_Karl_Knobloch_K.G._Steinigtwolmsdorf,_Herbstmesse_1953.jpg	[<September_1953>]
12154012	Kemna-walze.jpg	[<2010>]
54591374	Remind_Duplin_HDR_-_panoramio.jpg	[<2008>, <August_2008>]
65580172	Asnans-Beauvoisin_-_Mairie_-_jan_2018.jpg	[<January_2018>]
61679207	2017-08-13_11-31-33_reconst-histo-sentheim.jpg	[<August_2017>]
66729116	Étang_du_Doul_02.jpg	[<February_2018>]
67514670	കാരക്കുന്നിലെ_സായാഹ്നം2.jpg	[<April_2015>]
16388626	San_Francisco_y_Almoloya_006.jpg	[<2011>]
33730474	Friedhof_Jamlitz_06.JPG	[<2014>]
33952346	Mine_shaft_&quot;Prezydent&quot;,_Industriada_2014_pic09.JPG	[<Industriada>]
25829310	ORONE14.jpg	[<1999>]
70415025	כפר_שמריהו-ZKlugerPhotos-00132gc-907170685122794.jpg	[<1939>]
40884576	The_Dangers_of_Crinoline,_1858_04.png	[<1858>]
8306498	Roundhouse,_Barrow_Hill_-_geograph.org.uk_-_1355529.jpg	[<2009>, <April_2009>]
22360442	0_Vaulx_-_Ruines_de_l'ancien_château_(1).JPG	[<2012>, <October_2012>]
49538164	Union_Vöcklamarkt_versus_FC_Red_Bull_Salzburg_22.jpg	[<June_2016>]
56192871	Fiestas_de_San_Marcial_en_Irun_(7_de_12)_-_Fondo_Marín-Kutxa_Fototeka.jpg	[<1925>]
63524617	NJ_Train_9,_The_Montreal_Limited_passing_a_Bi-lingual_grade_crossing_sign_near_Napierville,_Que_on_September_1,_1968_(26729320153).jpg	[<1968>]
24262957	Overzicht_zuidoostzijde_-_Breda_-_20534412_-_RCE.jpg	[<2010>]
54375548	Croix_Bresse_Illiat_1.jpg	[<December_2016>]
15095989	Statue-Mahé-La-Bourdonnais-2.JPG	[<May_2011>]
6175878	Starr_080608-7519_Morus_alba.jpg	[<2008>]
39966106	KATU_studios_entrance_-_Portland,_Oregon_(2015).jpg	[<2015>, <April_2015>]
23753522	210L01170493_Stadt,_zum_40er,_Flug_über_Wien,_Aspern,_Hirschstetten,.jpg	[<1993>]
23968618	Ingangspartij_nummer_74_met_boomstamvormige_betonnen_deuromlijsting_-_Breda_-_20318884_-_RCE.jpg	[<2002>]
15159104	Olympijský_šplh_2011,_Olympia_Brno_(003).jpg	[<April_2011>, <2011>]
29632135	Taunton_-_70000_crossing_the_canal.jpg	[<2013>, <October_2013>]
846304	Jennifer_1969_track.png	[<1969_Pacific_hurricane_season>]
38429473	La_marmite_de_l'Enfer_du_jubé_de_la_cathédrale_de_Bourges.jpg	[<January_2015>, <October_2014>, <December_2014>, <November_2014>]
45203819	Dorfstraße_Mühlrose_(Trebendorf)_(2).jpg	[<August_2015>]
6156157	Starr_080602-5542_Vitex_trifolia.jpg	[<2008>]
16921645	ONE_OF_THE_ENTRANCES_TO_CHATTAROY,_WEST_VIRGINIA,_NEAR_WILLIAMSON,_LEADS_PAST_A_CHURCH_OF_GOD._THERE_ARE_MANY_SMALL..._-_NARA_-_556460.jpg	[<1974>]
49887751	Floriana_parish_church.jpeg	[<2016_in_Malta>]
53739961	Saint_John_the_Evangelist,_St._Stephen's_Basilica,_2016_Budapest.jpg	[<February_2016>]
7468454	Primitive_methods_of_carrying_freight_and_passengers-Transportation_Bldg,_from_Robert_N._Dennis_collection_of_stereoscopic_views.jpg	[<Louisiana_Purchase_Exposition>]
66263909	Brisbane_Arcade,_shopping_arcade_interior.jpg	[<January_2018>]
29458684	Photo_-_Festival_de_Cornouaille_2013_-_Startijenn_en_concert_le_25_juillet_-_024.jpg	[<Festival_de_Cornouaille>]
14437738	River_Erne_at_Round_'O'_Quay,_Enniskillen_-_geograph.org.uk_-_1719743.jpg	[<February_2010>]
62504008	Fronleichnamsprozession_2017_Neumarkt_329.jpg	[<Corpus_Christi_procession>]
52512247	Mosaic_of_Theodora_-_San_Vitale_-_Ravenna_2016_(4).jpg	[<September_2016>]
57103513	Court_coat_MET_60.67.6_front_CP4.jpg	[<18th-century>]
72024629	Veladoras_en_Iglesia_de_San_Juan_Totolac.jpg	[<2018>]
47094874	Weingarten_Fasnetsverbrennen_2016_26.jpg	[<February_2016>]
35124966	Obermenzing_Schlosskapelle_Blutenburg_a8_527.JPG	[<Annunciation>]
25950757	Grünanlage_Theodor-Heuss-Ring_Köln_mit_Ringturm-8182.jpg	[<2013>]
70919816	2018_Fremont_Solstice_Parade_-_210-Sisters_of_Perpetual_Indulgence_(42535976175).jpg	[<Solstice_Parade>]
74331278	Otto_Wallin_2010.jpg	[<2010>, <National_Day_of_Sweden>]
8404705	Carisbrooke_Christ_the_King_College_Upper_Campus_bus_stop.JPG	[<November_2009>]
28008570	2013-08-29_Севастополь._Вспомогательное_судно_A512_Mosel_ВМС_Германии_(11).JPG	[<2013>, <August_2013>]
49220733	Az_Orloj_és_az_Óváros_tér_(Staromestské_námestie)._Fortepan_5611.jpg	[<1978>]
39159001	Sakti_Burman_-_Kolkata_2015-03-21_7024.JPG	[<March_2015>]
38686613	Capturing_a_sense_of_history_120228-A--757.jpg	[<Black_History_Month>]
1873125	Potok_Oruński04.jpg	[<2007>]
47088258	Eastern_New_Mexico_vs._Texas_A&amp;M–Commerce_women's_basketball_2016_23.jpg	[<February_2016>]
36763045	CHFT_executive_Tom_Clement,_2014_11_13_-d_(15598763878).jpg	[<November_2014>]
487684	South_West_Trains_442420_at_Dorchester_South_2005-07-16_01.jpg	[<July_2005>, <2005>]
19945978	Ballonger_Norra_Hammarbyhamnen_2012.jpg	[<2012>, <June_2012>]
35048989	Beidler,_Vue_vum_Steenbierg.jpg	[<August_2014>]
44860297	Canadian_Pacific_Rail_Yard_and_Trains,_Thunder_Bay,_Ontario_(22671669140).jpg	[<October_2015>, <2015>]
9942155	Conferenza_Stampa.jpg	[<International_Journalism_Festival>]
68117216	Kaple_Všech_svatých_Bohumín_02.jpg	[<April_2018>]
26717218	Lufthansa_Regional_Canadair_CRJ900;_D-ACKC@ZRH;30.06.2011_601df_(5896869557).jpg	[<2011>]
41700082	Banbury_Court,_London.JPG	[<2015>, <April_2015>]
58147737	13.8.16_Chodske_Slavnosti_065_(28731746800).jpg	[<wikicat_2016_festivals>]
10556983	Grus_cinerea.jpg	[<1881_in_India>]
6655278	Bank_in_Dublin_02_977.png	[<April_2009>]
42173817	Australian_rain-forest_trees,_excluding_the_species_confined_to_the_tropics_(1929)_(20341899262).jpg	[<1929>]
25740131	Vaikom_Vadakkupurathu_Pattu_31.JPG	[<wikicat_Hindu_festivals>, <Temple_festival>]
50665542	優先席付近での携帯電話使用ルールを以下のとおり変更_2015_(23144090676).jpg	[<November_2015>]
52777491	Date-_1989-9-2_File_Number-_9441_Assignment-_Football_SWT_vs._A&amp;I_(18174455686).jpg	[<September_1989>]
66129180	2016_in_Naxxar_36.jpg	[<2016_in_Malta>]
32552243	Entre_coll_Pregon_i_el_collet_de_l'Home_Mort_P1230632.JPG	[<April_2014>, <2014>]
17651629	Kaikoura_Main_Street.JPG	[<November_2011>]
39752396	2008._Донецк_763.jpg	[<2008>]
13854503	Duke_of_Lancaster_-_geograph.org.uk_-_1144707.jpg	[<January_2009>]
50205095	Lappeenranta_Church_organ_1.jpg	[<2016>]
13457689	Driveway_to_Stapleford_Hall_-_geograph.org.uk_-_785153.jpg	[<April_2008>]
60237857	Working_visit_to_the_United_States_of_America_(80).jpeg	[<June_2017>]
36719368	Delitev_kosila_pred_gradom_na_Planini.jpg	[<1944>]
14296507	St._Laurence_O'Toole's_Church,_Belleek_-_geograph.org.uk_-_1542690.jpg	[<October_2009>]
50900889	Satnam_Singh_Sandhu_Receives_Memento_from_Katherine_Maher_-_Opening_Ceremony_-_Wiki_Conference_India_-_CGC_-_Mohali_2016-08-05_6247.JPG	[<August_2016>]
15272760	VampyrusAuritusFord.jpg	[<1861>]
34515837	Père-Lachaise_-_Division_57_-_Kremer_01.jpg	[<April_2014>]
35448156	Gimnazjum_Realne,_dawn._ATR,_ob._Wyższe_Seminarium_Duchowne_(2).JPG	[<2014>]
28078737	Gradonachalnytska_St.,_5-2.jpg	[<September_2013>]
51034742	Vietnamese_girl_with_wicker_basket_doing_farm_job,_2013.jpg	[<2013_in_Vietnam>]
21090175	Großen_Luckow_Gutshaus_2010-08-12.jpg	[<2012>]
34095890	Seokdae_Station_2.JPG	[<July_2014>]
19771239	Kladrum_Kirche_2012-06-01_138.JPG	[<2012>]
43354641	Akko,_September_2015_(1037).jpg	[<September_2015>]
68423924	Pomnik_Żołnierzy_Radzieckich_w_Berlinie_-_Tiergarten_-_wrzesień_2017-10.jpg	[<2017>]
10423165	Thessaloniki_Olympic_Museum_(exterior_view,_2007).jpg	[<2007>]
37347496	Rocks_near_Permaquid_Lighthouse_in_Maine.jpg	[<May_2013>]
17191377	ESA_Schild_Schmelzerstraße.jpg	[<2011>]
8885237	Potsdamer_Platz_2009_PD_20090321_009.JPG	[<Berlinale_Palast>]
62504451	Beuel-vilich-mueldorf-fussgaengerbruecke-20170917-10.jpg	[<2017>]
32313949	G-CELU_1_B737-377_Jet2_PMI_20MAY10_(4624756099).jpg	[<2010>]
43576594	The_land_of_sunshine;_a_handbook_of_the_resources,_products,_industries_and_climate_of_New_Mexico_(1904)_(14777360171).jpg	[<1904>]
7960493	Fotothek_df_roe-neg_0006723_020_Gastvorführung_der_Münchner_Kabarettisten_&quot;Die_K.jpg	[<1954_in_Germany>, <1954>]
26966535	398as_-_Virgin_Atlantic_Boeing_747-4Q8,_G-VBIG@JFK,14.02.2006_-_Flickr_-_Aero_Icarus.jpg	[<2006>]
16328891	Einsiedeln_Kloster_Einsiedeln_2.jpg	[<September_2011>]
7377023	McDonald's_Fox_St.jpg	[<July_2009>]
23784814	Fundering_-_Winterswijk_-_20215265_-_RCE.jpg	[<1969>]
62028611	Façana_Sant_Grau.jpg	[<August_2017>]
56673571	2017-01-28_Voidemolition_(Schüler-Rockfestival_2017)_020.jpg	[<Schüler-Rockfestival>]
9890246	Three_macaws_-Macaw_Mountain_Bird_Park,_Honduras-8c.jpg	[<2010>]
28993727	Boeing_737-75B,_Air_Berlin_(Germania)_JP6129952.jpg	[<2007>]
68518947	Chemin_Chapelle_St_Cyr_Menthon_7.jpg	[<April_2018>, <2018>]
74024013	J33_962_Bf_Aegidientorplatz_(oben).jpg	[<2018>]
33723244	Peach_County_Courthouse.JPG	[<July_2014>]
56192603	Fiesta_celebrada_con_motivo_de_la_inauguración_de_la_nueva_iglesia_parroquial_en_la_plaza_de_San_Marcial_en_el_barrio_de_Altza_(5_de_9)_-_Fondo_Car-Kutxa_Fototeka.jpg	[<1917>]
52700893	Jardin_du_Luxembourg_@_Paris_(30535375701).jpg	[<October_2016>]
9164423	Heaton_Park_Court_-_geograph.org.uk_-_65077.jpg	[<1961>]
69755850	The_Jesus_And_Mary_Chain_Wave-Gotik-Treffen_2018_23.jpg	[<Wave-Gotik-Treffen>]
43143766	Gare_de_Lyon_-_Grand_hall_(1).JPG	[<September_2015>]
19779889	04-06-2012Mapeamento_Heliopolis37.jpg	[<2012>]
37019460	Utah_-_North_America_-_Rest_Area_-_Echo_Canyon_(4892049185).jpg	[<8510>, <August_2009>]
23382855	Begin_van_de_Amstel_met_gezicht_op_de_Munttoren_-_Amsterdam_-_20015639_-_RCE.jpg	[<1930>]
49760696	CP_0186_(27252292405).jpg	[<2016>]
24101272	Interieur,_souterrain,_beschilderde_schoorsteenmantel_-_Rotterdam_-_20400785_-_RCE.jpg	[<1969>]
37661473	EasyJet_(G-EZBI),_Barcelona_Airport,_January_2015_(06).JPG	[<January_2015>]
72139021	2018_events_in_Dresden.-015.jpg	[<August_2018>]
44669983	The_zoology_of_the_voyage_of_H.M.S._Beagle_(Pl._21)_BHL40299919.jpg	[<1839>]
70126824	Moscow,_service_buildings_of_the_Timiryazev_Academy_(20626573763).jpg	[<2015>]
65518875	Palazzo_di_Peles_(4049406475).jpg	[<October_2009>]
16782162	Detail_Nieuwe_Leliestraat_66.jpg	[<2011>]
58272216	C-GNCH_Sunwing_Airlines_2014_Boeing_737-81D_-_cn_39438_-_ln_4816_(14583198188).jpg	[<2014>]
52723995	Roda_de_premsa_Nova_Revista_Debats_(30094060963).jpg	[<October_2016>]
48218883	Weidesheim_St_Mariä_Himmelfahrt_(001).jpg	[<2016>]
18516642	Gdańsk_(129).JPG	[<2007>]
15942855	Hironori-Kurita20100425.jpg	[<2010>]
35123582	Köln,_Hohenzollernbrücke_--_2014_--_1873.jpg	[<2014>, <July_2014>]
59434112	Pirna,_Germany_-_panoramio_(667).jpg	[<2015>]
11164247	Constantine,_Algeria,_ca._1899.jpg	[<1899>]
63378786	Alexander_Hamilton_Custom_House_Collector's_Room_ceiling_(40571s).jpg	[<2017>]
73014586	ZEISS_Personnel_Shaking_Hands_With_Arun_Goel_In_Presence_Of_Arijit_Dutta_Chowdhury_-_Science_City_-_Kolkata_2018-09-23_4372.JPG	[<September_2018>]
65336337	Stolpersteine_Köln,_Verlegestelle_Moltkestraße_135.jpg	[<2018>]
51884442	Cafe_at_Casa_das_Rosas_2.jpg	[<2016>]
23952134	Coat_of_arms_of_Nicaragua.svg	[<Phrygian_cap>]
23823017	Plattegrond_1845_door_J.D._van_Lunteren,_naar_een_copie_in_het_Gemeente_archief_Utrecht_-_Utrecht_-_20234807_-_RCE.jpg	[<1920>]
43274793	Annual_report_(1920)_(14592389169).jpg	[<1920>]
30751333	JA8906_(8092128966).jpg	[<2008>]
15119354	Skokové_závody_Brno_Veveří_(127).jpg	[<April_2011>, <2011>]
31998020	TTC_LRV_4401_Roof_Details_closeup.jpg	[<April_2014>, <2014>]
23970847	Sculptuur_-_Amsterdam_-_20320106_-_RCE.jpg	[<2002>]
23216070	Stone_mark.jpg	[<1924>]
74446640	2015_OrquestraPacificoTropical-ElKorah-Treefort15-credit-Christina-Birkinbine_03_(16957618105).jpg	[<Treefort_Music_Fest>]
30256148	Harlequins_vs_Racing_Metro_(11407987645).jpg	[<2013>]
64926591	Auch_-_Le_Mouliot_-_20170204_(2).jpg	[<2017>, <February_2017>]
26715249	Untitled_Dassault_Falcon_2000LX;_I-MOFI@FNC;12.07.2011_(5939518407).jpg	[<2011>]
14051665	Butterfingers_Tea_Room_-_geograph.org.uk_-_1328250.jpg	[<May_2009>]
53173516	20161114Ulmus_minor4.jpg	[<2016>]
11857975	NASA's_Freedom_Star_pulls_ET-122_for_STS-134.jpg	[<May_2011>, <June_2011>, <2011_in_spaceflight>]
35252311	CFC_Annual_BBQ_Fundraiser_2014_(15179007521).jpg	[<September_2014>]
59858956	Murasaki_sho_-_Tokyo_Yushun_Japanese_Derby_Day_2017_(34138746023).jpg	[<2017>]
59941498	Sedlice_17_Slovakia36.jpg	[<June_2017>]
64023861	HK_CWB_銅鑼灣_Causeway_Bay_時代廣場_Times_Square_basement_mall_goldsmith_shop_H1112-7_IX1_(1).jpg	[<2017>, <November_2017>]
32829916	Maimarkt_Mannheim_2014_-_51._Maimarkt-Turnier-156.JPG	[<2014>]
57490828	Eröffnung_Meschwa.JPG	[<February_2017>]
54829923	Alpine_Pond_Trail_at_Cedar_Breaks_-_panoramio_(20).jpg	[<June_2012>]
21625055	Deutsches-Architekturmuseum-Frankfurt-b.jpg	[<2004>]
64470029	HK_上環文娛中心_SWCC_HK_Football_History_Exhibition_Nov-2017_IX1_黃文偉_Wong_Man_Wai_black_and_white_photo_26.jpg	[<2017>, <November_2017>]
990269	Towards_Bois_de_Boulogne_and_La_Defense_from_the_Eiffel_Tower.jpg	[<1987>]
32773607	Koruza_se_v_kitah_suši_pred_hišo,_Male_Lipljene_1948.jpg	[<1948>]
14952346	Ransdorp,_Dorpsweg_23.jpeg	[<2011>]
29524845	Airbus_A320-232,_China_Eastern_Airlines_JP7703487.jpg	[<2012>]
27776744	2013_Woodstock_029_Offensywa.jpg	[<Woodstock>]
52407832	Päiväkoti_Tunturi_,Korvatunturintie_-_panoramio.jpg	[<2009>]
34678974	Acela_2165_(14833034986).jpg	[<August_2014>]
49849694	Capital_Pride_Parade_DC_2016_(27837706922).jpg	[<June_2016>, <Capital_Pride_(Washington,_D.C.)>]
33422510	Life_Ball_2014_show_096.jpg	[<2014>]
32567723	OD-TAL_Canadair_CRJ.100LR_Flight_Deck_(7608261422).jpg	[<2012>]
65554798	Prins_Bernhard_neemt_afscheid_van_de_commandant_der_Binnenlandse_Strijdkrachten_,_Bestanddeelnr_014-0562.jpg	[<June_1945>]
28951254	Tierpark_Hagenbeck_2012a.jpg	[<2012>]
53179565	A@a_thasos_port_2_greece_-_panoramio.jpg	[<September_2007>, <2007>]
42559100	Hajnówka_-_Hajnowskie_Dni_Muzyki_Cerkiewnej_2015-05-16_15-38-28.JPG	[<wikicat_Music_festivals_in_Poland>]
72154788	Ημερολόγιο_Σκόκου_1889_-_139.jpg	[<1889>]
8212514	Jidai_Matsuri_2009_068.jpg	[<Jidai_Matsuri>]
15162900	Toulouse_-_Musée_Saint-Raymond_-_inv_31006_-_20110414_(1).jpg	[<April_2011>]
57855554	Tampere_-_Tammela.jpg	[<2017>]
61928509	Martirio-2_(7307653418).jpg	[<Literary_festival>]
36936857	D-AEBR.BHX.2014.1.JPG	[<2014>]
11063700	Pettenkofen_Buda_ostroma.jpg	[<19th_century>]
22149325	Ms._KK5012_53r.jpg	[<Illuminated_manuscript>]
14891759	Andrea_Hansen_01.jpg	[<April_2011>, <2011>]
39072002	Kirchplatz_14_Pirna_117843037.jpg	[<March_2015>]
17279129	20111107_Deve_tradition_Bayrami_Komotini_Thrace_Greece_3.jpg	[<November_2011>, <2011>]
24171020	Voorgevel_-_Utrecht_-_20456796_-_RCE.jpg	[<1969>]
22641170	Monumento_a_la_Libertad,_Riga,_Letonia,_2012-08-07,_DD_18.JPG	[<2012_in_Latvia>]
5489341	CootamundraFamilyHotel.JPG	[<November_2008>]
73449492	2017-08-20-bad-muenstereifel-st-chrysanthus-und-daria-01.jpg	[<August_2017>]
58612948	Cimetière_de_Villejust_le_7_avril_2017_-_17.jpg	[<April_2017>]
65950032	Sea_Fox_commissioning_DVIDS1092892.jpg	[<September_2009>]
33893271	10e_congrès_UNL_des_élus_lycéens_.jpg	[<February_2013>]
61980008	2017-08-12_Mill_City_3.jpg	[<August_2017>]
74414592	Exit_C,_Wangcun_Station,_Guangzhou_Metro.jpg	[<November_2018>]
47883311	Hacking_Space_Participants_Visit_Dark_Ride_-_Science_Exploration_Hall_-_Science_City_-_Kolkata_2016-03-29_2910.JPG	[<March_2016>]
47631875	Velikonoce_na_Vysočině_(_Havlíčkobrodsko)_22.JPG	[<Easter>]
14057595	Ravensbourne_River_-_geograph.org.uk_-_1325776.jpg	[<2009>, <May_2009>]
23421515	Evenzijde,_overzicht_naar_Blauwehandstraat_toe_-_Bergen_op_Zoom_-_20033045_-_RCE.jpg	[<1962>]
70291536	Moscow,_Krestovozdvizhenskiy_Lane_(30920252081).jpg	[<2016>]
10202964	Saint-Martin,_Colmar,_façade_2.jpg	[<July_2007>]
31763864	University_of_Washington_Quad_cherry_blossoms_2014_-_11_(13348274774).jpg	[<March_2014>]
29401565	South_East_Asia_2011-541_(6032202115).jpg	[<August_2011>]
7838101	Aeromexico_Travel_MD-83.jpg	[<2009>]
20095467	20120701_tourdefrance029.JPG	[<2012>, <July_2012>]
70209897	Air_Transat_Airbus_A330-243_C-GTSZ_Flight_TSC414_from_YYZ_to_YUL_MRS_(15161991026).jpg	[<2014_in_aviation>]
29032651	Bombardier_CRJ-200LR,_UTair_Ukraine_JP7424998.jpg	[<2012>]
27524275	1917_Girls_building_at_Ohlange.JPG	[<1917_in_South_Africa>]
62049817	Poreč,_Euphrasius-Basilika,_Westfassade_2007-06_(3).jpg	[<June_2007>]
65321367	Sporran_(AM_740934-2).jpg	[<20th_century>, <1890>]
19629156	San_esteban_usurbil.jpg	[<1916_in_Spain>]
42933688	Eagle_Express,_Fremantle,_2015_(02).JPG	[<September_2015>]
65341773	Osiedle_Stare_Żegrze_w_Poznaniu,_widok_na_sklep_NETTO_-_październik_2017.jpg	[<2017>]
26633246	Swiss_Airbus_A320-214;_HB-IJX@ZRH;26.11.2012_680ag_(8224039612).jpg	[<2012>]
29276417	NJ_(10256704804)_(2).jpg	[<October_2013>]
74537785	Christmas_tree_at_the_400_George_Street_foyer,_Brisbane_01.jpg	[<Christmas>, <2018>, <Christmas_trees>, <November_2018>]
53554345	Kyoto_2016_(30860280960).jpg	[<November_2016>]
33169948	20140418_corfu266.JPG	[<Holy_Week>, <April_2014>, <2014>]
54083973	09032jfDapit_Processions_December_7_Pistang_Bayan_2016_Malolos_Cathedralfvf_25.jpg	[<2016_in_the_Philippines>]
57390711	2011_Wytheville_Vendor_Show_(5518614304).jpg	[<2011>]
322246	Parowan_Utah_Church.jpg	[<September_2005>]
61577452	Herbivorous_Butcher_-_Vegan_Tuna_Melt_(34634256510).jpg	[<2017>, <May_2017>]
16244028	Mads_Bødker_Bolidenhallen_17.jpg	[<August_2011>, <2011>]
48345935	Hrvatske_povijesne_vojne_postrojbe_072012_015_roberta_f.jpg	[<July_2012>]
12528568	Stomach_surgery,_2000.jpeg	[<2000>]
2835127	Meze_entree_du_port.JPG	[<September_2007>]
60462754	HK_TST_Victoria_Harbour_blue_sky_n_sea_梳士巴利花園_Salisbury_Road_Garden_evening_June_2017_IX1_03.jpg	[<2017>, <June_2017>]
65030202	Festival_des_Vieilles_Charrues_2017_-_Royal_Blood_-_056.jpg	[<Festival_des_Vieilles_Charrues>]
881104	Platsen_för_Herrljunga_gamla_kyrka,_vid_Herrljunga_prästgård,_den_18_juni_2006.JPG	[<June_2006>, <2006>]
20798916	Cek_kəndi_22-2.JPG	[<2012>]
24135580	Overzicht_van_het_bankgebouw_-_Rotterdam_-_20422792_-_RCE.jpg	[<2007>]
24453919	Flight_Lieutenant_M_Cybulski_(left)_and_Flying_Officer_H_Ladbrook_of_No._410_Squadron_RCAF,_with_their_damaged_Mosquito_Mk_II_at_Coleby_Grange,_27_September_1943._Their_aircraft_was_severely_charred_by_an_exploding_Dornier_Do_217._CE106.jpg	[<1943>]
56691749	اطراف_سد_مهاباد_-_panoramio.jpg	[<2013_in_Iran>]
67030734	Vijf_opvarende_Schip_204_Dolfijn_op_Schiphol,_gezonken_bij_Aberdeen,_Bestanddeelnr_907-1755.jpg	[<1955>]
40486579	The_shore_at_New_Brighton_(geograph_4492959).jpg	[<May_2015>]
67658183	Banners_and_signs_at_March_for_Our_Lives_-_003.jpg	[<March>]
29288990	Alpi_Pioneer_330,_Alpi_Pioneer_Team_JP6364520.jpg	[<2008>]
65153438	Andy_Partridge_(cropped).jpg	[<February_1980>, <1980>]
21217565	Otto_Briggs_1924.jpg	[<1924>]
28056224	Moscow,_Pyatnitskaya_street,_25_and_25,_bld.1,_«Voice_of_Russia»_headquarters.JPG	[<1949>]
70239853	RAF_1945-03-22_NienburgRailroadBridge.jpg	[<March_1945>]
65831033	Haw_Par_Villa_Singapore_2017_(39250036541).jpg	[<November_2017>]
43099951	Illustrations_of_ornithology_(Color_Plate_60)_(7747973530).jpg	[<1826>]
2259635	Kinesiska_paviljongen_2.jpg	[<March_2007>, <2007>]
12495259	Cottam_Grange_Farmland_-_geograph.org.uk_-_327975.jpg	[<February_2007>]
13717778	The_Crown_Inn_-_geograph.org.uk_-_1016739.jpg	[<August>]
8449257	Non-Native_American_Nations_Control_over_N_America_1838.png	[<1838>]
53102681	BASA-3K-7-348-8-Empress_Elisabeth_monument_(Volksgarten).jpg	[<1907>]
58260498	02017_Treffen_mit_Indianer_Kultur_in_Bielitz-Biala.jpg	[<May_2017>]
59396285	Гектова_балка,_2017_(10).jpg	[<2017>]
32286701	EI-CNT_2_B737-230_Ryanair-Sun_MAN_02MAY99_(6141703213).jpg	[<1999>]
27997595	East_Side_Detail_-_North_Gateway_-_Stupa_1_-_Sanchi_Hill_2013-02-21_4307.JPG	[<February_2013>]
14497299	Nicolas_Prost.JPG	[<2007–08_A1_Grand_Prix_season>]
3031700	Santacroce.jpg	[<1856>]
64780853	Hong_Kong_(2017)_-_945.jpg	[<November_2017>]
65768290	Medal,_campaign_(AM_2001.25.281.1-3).jpg	[<1910>]
33889527	US-D.C.(1891)_p163_WASHINGTON,_MONUMENTS.jpg	[<1891>]
63683907	Nyugati_pályaudvar_docking_station_01.jpg	[<October_2017>]
57987792	Air_Japan_B767_at_ITM_(15956849649).jpg	[<1996>]
59619187	Reims_-_église_Saint-Maurice,_vitrail_(01).jpg	[<Annunciation>, <2016>]
44260603	Sachsenbrücke_(Pirna)_124423177.jpg	[<August_2015>]
67185301	Motodays_2018_15.jpg	[<March_2018>]
13852213	A_snowy_Service_Road_-_geograph.org.uk_-_1146400.jpg	[<February_2009>]
35167506	Ögård.JPG	[<January_2014>, <2014>]
38343392	Florinas_-_Chiesa_dell'Assunta_(14).JPG	[<Santa_Maria_assunta>, <2014>]
40767789	Mirror_Pond_1960.jpg	[<1960>]
70071507	Open_Doors_Day_-_National_Palace_of_Culture_(27379981267).jpg	[<2018>]
49931437	Bogaz_hajóállomás,_középen_a_Yeni_(Valide_szultán)_mecset,_jobbra_a_Galata_híd._Fortepan_30853.jpg	[<1965>]
61800156	Montreal,_August_2017_-_063.jpg	[<August_2017>]
56197287	Llegada_de_vagónes_del_'Talgo'_al_puerto_de_Pasaia_(14_de_29)_-_Fondo_Marín-Kutxa_Fototeka.jpg	[<1949>]
29231589	37.FredWesleyNewJBS.45thSFF.WDC.11July2011_(5935995610).jpg	[<Smithsonian_Folklife_Festival>, <July_2011>]
23965378	2012-12-29_Daniel_Viksten_02.jpg	[<December_2012>, <2012>]
52810048	BAP_Unión_arribando_al_Callao_(Noviembre,_2016).jpg	[<November_2016>]
25681761	20130420_ferrieres001.JPG	[<2013>, <April_2013>]
67458635	2018_Nowruz_Khani_in_Semnan_-_16_March_2018_(13961225000170636567958470480939_53377).jpg	[<March_2018>, <2018>]
43830742	Btv1b8433359g-p086.jpg	[<1904>]
42452614	View_of_the_bridge_near_the_copper_works,_Swansea,_Glamorganshire.jpeg	[<1800>]
34565791	Stolpersteine_Passmann-Spiegel_Südstraße_14_Ahlen.nnw.jpg	[<2014>]
33097569	Сходинки_у_парку.jpg	[<2014>]
62090515	Nico_Müller_(CH)_(36959215535).jpg	[<2017>, <September_2017>]
27460981	Bouillouses_vue6.JPG	[<2013>]
31591267	EI-ESR_(12885770243).jpg	[<2014>]
33623806	Typhoon_Rita_on_July_10,_1972.png	[<1972_Pacific_typhoon_season>]
73983195	Inagaki_Goro_from_&quot;Another_World&quot;_at_Opening_Ceremony_of_the_Tokyo_International_Film_Festival_2018_(44894926414).jpg	[<Tokyo_International_Film_Festival>]
53401892	Opening_night_of_PizzeRizzo_(31100972015).jpg	[<November_2016>]
30877204	Vega_de_Antequera_(4136688814).jpg	[<2009>]
62348220	Matching_Green_CC_v._Bishop's_Stortford_CC_at_Matching_Green,_Essex,_England_15.jpg	[<2017>, <August_2017>]
38340006	20150207_1724_Ice_Hockey_AUT_SVK_9305.jpg	[<2015>]
16621194	Hasselt_-_Watertoren.jpg	[<May_2011>, <2011>]
53275666	This_photograph_depicts_MV_MALABAR_grounded_off_Long_Bay_headland_(Malabar)_in_Sydney,_NSW._Visiting_the_wreck_was_a_popular_outing_for_Sydneysiders,_and_onlookers_can_be_seen_on_the_rocks._The_ship_(5116644534).jpg	[<1931>]
68160947	Joseph_Huard,_fabricant_de_bateaux_miniatures_dans_la_baie_des_Chaleurs.jpg	[<1943>]
3867955	Raleigh-Acorn-20080321.jpeg	[<March_2008>]
51595318	160510_Conference_Living_well_with(out)_Dementia_Day_2_(26658272170).jpg	[<May_2016>]
62544745	Eastern_front._Lithuania_under_German_domination._Hair_cutting_in_a_delousing_station._Wilna_September_1917_-_NARA_-_17391022.jpg	[<1917>]
15142253	11-13_West_10th_Street.jpg	[<1888>, <1919>, <1847>]
66775370	Highland_cattle_in_Fagne_Tirifaye,_Waimes,_Belgium_(VeloTour_intersection_80,_DSCF3643).jpg	[<January_2018>, <2018>]
47995217	Père-Lachaise_-_Division_49_-_Jaeger_02.jpg	[<January_2016>]
58800838	Orioles_Home_Opener_(33046413303).jpg	[<April_2017>]
1681088	Navarra_-_Densidad_población_2006.svg	[<2006>]
36344624	Caroline_Wozniacki_(15306893349).jpg	[<2014_Toray_Pan_Pacific_Open>]
24003899	Exterieur_GEVEL_(1912)_-_Miste_-_20339572_-_RCE.jpg	[<1999>]
39470056	Biskopsstolen.JPG	[<2015>, <April_2015>]
12812238	Kai_Nielsen_with_Bindesbøl_bust.jpg	[<1915_in_Denmark>]
21611677	119_Mornington_Street_(Stratford,_Ontario)_1.jpg	[<September_2012>]
58442091	Курсанти_Національної_академії_НГУ_«подружилися»_з_небом_5919_(19166862788).jpg	[<2015>]
51857495	Great_Horton_(9219456042).jpg	[<July_2013>]
51732903	La_sortie_du_metro.jpg	[<January_2010>]
45336209	WP_20150923_13_24_26_Pro_(21052689384).jpg	[<2015>]
6547663	Fotothek_df_pk_0000177_a_027.jpg	[<1946>]
12883940	Interior_of_Synagogue_in_Cordoba.JPG	[<June_2008>]
47986160	Ryanair,_EI-FON,_Boeing_737-8AS_(25638467364).jpg	[<2016>]
12288696	The_Bog,_Roos_-_geograph.org.uk_-_269544.jpg	[<October_2006>]
11226240	Forbidden_Corner_25.jpg	[<August_2010>]
54841201	Animethon_20_(9493888821).jpg	[<Animethon>]
34848262	Pasewalk-Museum-Prenzlauer-Tor-und-Nebengebäude-IMG_6131.JPG	[<2008>]
13589888	Balk_Lane,_Arnold_-_geograph.org.uk_-_907950.jpg	[<July_2008>]
66927017	Ischlerbahnstraße_Haltestelle_Tafel.jpg	[<February_2018>]
57908164	Robert_J._Bentley_2014.jpg	[<April_2014>]
21875212	Kartause_Mauerbach_-_Deckengemälde_II.jpg	[<2012>]
21520321	PT-658_and_Fireboat_David_Campbell.JPG	[<2012>, <Fleet_Week>]
63588417	AutoClássico_2014_Ford_Rally_DSCN1664_(15350705613).jpg	[<2014>]
26523015	006758_-_Torrejón_de_Ardoz_(8038497945).jpg	[<2012>, <August_2012>, <July>]
43465541	H._H._Berger_and_Co.'s_price_list_(1900)_(19932260994).jpg	[<1900>]
64378728	Rainbow_seen_from_Magnuson_Park_boat_ramp_01.jpg	[<November_2017>]
40797864	Maastricht_-_Stokstraat_38_(3-2015)_P1150121.JPG	[<38>]
51083765	120806-F-UP786-317_(7775526726).jpg	[<2012>, <August_2012>]
71047205	Sketches_in_Formosa_-_Arrival_in_Bankimsing.gif	[<1890>]
46696142	South_Brisbane_Cemetery_Nov_2015,_03.jpeg	[<November_2015>]
22637612	Independence_Day_2012_in_Łódź_02.jpg	[<2012>]
35785791	Views_of_Paros_13.JPG	[<2012>, <August_2012>]
2482254	Bundesgesetzblatt_(Austria)_1955_0801.jpg	[<1955>]
35902625	Swaffham_6_63548_1_copy.jpg	[<June_1963>, <1963>]
72565896	Schëld,_Rue_de_la_Chapelle,_Butschebuerg-101.jpg	[<August_2018>]
65358453	Toy_(AM_2005.87.11-3).jpg	[<1900>]
30396501	Life_Scenes_of_Buddha_-_Birth-Enlightenment-Descent_from_Heaven-First_Sermon-Passing_Away_-_Circa_2nd_Century_CE_-_Rajghat_-_ACCN_00-H-1_-_Government_Museum_-_Mathura_2013-02-24_6682.JPG	[<February_2013>]
18098899	SpeicherAllgemeine_Infoschild_RoutederIndustriekultur_crop.jpg	[<2008>]
4884307	Филин.jpg	[<September_2008>]
39275322	CNG_Fuelers_from_around_the_world_come_together_to_fuel_the_wildfire_effort_140810-Z-JK353-031.jpg	[<2014>, <August_2014>]
46018527	POLINIZA_2015_-_48_(20313688868).jpg	[<May_2015>]
52869918	Pafco_Fire_Cold_Storage_Plant.jpg	[<2008>]
43645533	Sigurbjörg_Þrastardóttir_2015-09-25_C.jpg	[<Göteborg_Book_Fair>]
44567200	Ministerio_de_Agricultura_(Madrid)_11.jpg	[<October_2015>]
36483925	Pigeons_on_the_Eiffel_Tower,_Paris_April_2011.jpg	[<April_2011>]
11588910	Herbert1983100703GMS2VS.jpg	[<1983_Pacific_typhoon_season>]
54402549	Mairie_Chanoz_Châtenay_4.jpg	[<December_2016>]
54846873	Remont_estakady_katowickiej_w_Poznaniu-6.jpg	[<2016>]
39382186	Planting_ceremony_130410-N-XD424-017.jpg	[<2013>]
63690406	Unspunnenfest_Interlaken_2017_Festplatz_1K4A6612.jpg	[<Unspunnenfest>]
64604753	Immeuble_9_place_Promenade_Munich_3.jpg	[<November_2017>]
39330240	Brick_columns._Prayer_Hall._Church_of_the_Lutheran_congregation_of_Buda's_mountain_area._-_Kék_Golyó_Street,_17,_Budapest_12.JPG	[<March_2015>]
1298958	Nit_de_Champions_1.jpg	[<March_2000>]
18289351	Estelle_Court_Apartments,_Portland,_Oregon_2012.JPG	[<February_2012>, <2012>]
39216072	Estatua_Gta_Atocha_(4)_(11983037175).jpg	[<January_2012>]
65168874	Tsumura_8R_Oriental_sho_paddock_-_Japan_cup_day_(38753962212).jpg	[<2017>, <November_2017>]
69352570	Waratahs_at_twickenham_1928.jpg	[<1928>]
48608384	Siddi_-_Tomba_dei_giganti_di_Sa_Domu_'e_s'Orcu_(61).JPG	[<2016>]
63382488	Marigna-sur-Valouse_(Jura,_France)_-_oct_2017_-_7.JPG	[<October_2017>]
28330534	Alla_Kudryavtseva_(5989305651).jpg	[<2011_Citi_Open>]
60335916	Mk45-2005_at_Gyermekvasút_in_Budapest_006.jpg	[<June_2017>]
65090611	Evening_pumps_MET_69.33.34_bw.jpeg	[<20th-century>]
39604760	Rosyth_C_in_C's_Daughter_To_Be_An_April_Bride._21_March_1945,_Admiralty_House,_North_Queensferry,_Fife._Miss_Margot_Whitworth,_Vad,_Daughter_of_Admiral_Sir_William_J_Whitworth,_Kcb,_Dso,_C_in_C_Rosyth,_and_Lady_A27804.jpg	[<March_1945>]
59298032	StopTheMachine_protest_IMG_3464_(6218449509).jpg	[<October_2011>]
9816525	Cumberland-homesteads-quarrying-stone-tn1.jpg	[<1935>]
10963008	20100719_liege43.JPG	[<2010>, <July_2010>]
40616170	Veterans_Day_141111-N-OL084-042.jpg	[<Veterans_Day>]
19037026	Patung_Slamet_Riyadi_2009_Bennylin_02.jpg	[<April_2009>]
17033282	Szekszárd_zsinagóga.JPG	[<July_2007>]
57700087	Mare_Canards_Domaine_Planons_St_Cyr_Menthon_4.jpg	[<2017>, <April_2017>]
36679292	20141108_liege109.JPG	[<November_2014>]
52201023	Chief_of_the_International_Mail_Branch_at_JFK_International_Airport_Bill_Rivera_gets_interviewed_(12220344055).jpg	[<2014>]
46628010	Seattle_-_Medical_Dental_Building_04.jpg	[<January_2016>]
64364803	138th_Street-Grand_Concourse;_IRT_Jerome_NE_Entrance;_Back_View.jpg	[<November_2017>]
360862	Gotland-Oeja_kyrka_12.jpg	[<June_2005>, <2005>]
16531008	Taos_County,_New_Mexico._County_School_Superintendent,_Mr._Abiguel_Maes,_Taos._-_NARA_-_521976.tif	[<1941>]
66214891	Nirajan_Pant.jpg	[<January_2018>]
18129539	Buses_by_Islington_Green,_London.JPG	[<2008>, <October_2008>]
73785300	Tugboat_Pilot_House.jpg	[<2018>]
54150463	Leżajsk_-_Tory_kolejowe_-_panoramio.jpg	[<2009>]
10530472	Schachtzeichen_Emschertal.jpg	[<2010>]
13376721	6,_Cowley_Street,_London_SW1_with_Blue_Plaque_-_geograph.org.uk_-_714010.jpg	[<March_2008>]
15860192	Aretuska_TFF_02.JPG	[<TFF.Rudolstadt>]
15522096	Bellagio_-_Conservatory_-_Chinese_New_Year_2010.jpg	[<Chinese_New_Year>]
60700988	Gdańsk._Kamienica_przy_ulicy_Wiosny_Ludów._Przed_II_WŚ_siedziba_szkoły_żeglarskiej,_po_wojnie_-_siedziba_kapitanatu_portu_-_panoramio.jpg	[<2016>]
21939036	Shops_in_Winnipeg_Walkway_connecting_Portage_Place_to_the_Hydro_building.JPG	[<2012>, <October_2012>]
27340274	Saab_91B-2_Safir_AN0329564.jpg	[<1998>]
70642899	Coprinellus_disseminatus_(Pers.)_J.E._Lange_324651.jpg	[<April_2013>]
23563913	SDF_Sapin_de_Noel_Paris_27_12_2012_2.jpg	[<2012>, <Christmas_trees>]
44875489	Wimbledon_station_Tramlink_new_platform_10a_look_south_November_2015.JPG	[<2015>, <November_2015>]
72846820	St_Angelo_in_2018_09.jpg	[<2018>]
72114894	Filder_Pokal_2018-06-30_Training_701.jpg	[<2007>, <2006>]
54780763	TRA_E1000_E1050_Tobu_color.jpg	[<2017>, <January_2017>]
7222436	Redon-Pont_tournant.JPG	[<July_2009>]
41683369	JA8958.jpg	[<September_2010>, <2010>]
15364848	Jean_D'Aillon_-_Comédie_du_Livre_2011_-_Montpellier_-_P1150878.jpg	[<Comédie_du_Livre>]
47140288	Lufthansa,_Boeing_747-830,_D-ABYG_(14508405911).jpg	[<2014>]
3138487	Gotland-Oeja_Kyrka_Triumpfkreuz_04.jpg	[<2007>, <August_2007>]
42824738	Gare_du_Nord_à_Paris_le_17_juillet_2015_-_05.jpg	[<July_2015>]
5737174	Cat_Power_at_NFF_1.jpg	[<Newport_Folk_Festival>]
58286092	Lufthansa_Airbus_A380-841_D-AIME_&quot;Johannesburg&quot;_(25268895294).jpg	[<2011>]
64692103	Hong_Kong_(2017)_-_515.jpg	[<November_2017>]
56200406	Pruebas_de_deporte_rural_en_una_campa_(1_de_4)_-_Fondo_Car-Kutxa_Fototeka.jpg	[<1926>]
67532793	Adrian_van_Hooydonk_2_Genf_2018.jpg	[<Geneva_International_Motor_Show>]
66030757	David_Ramsey,_Stephen_Amell_and_Emily_Bett_Rickards_HVFFSJ2017OTA-ALS-25_(39866356312).jpg	[<2017>]
32287815	C-FPWJ_B707-351C_Pacific_Western_MAN_MAR74_(6051901183).jpg	[<1974>]
19285796	Tunnel-Lichtenholz-Nordportal-April2012.jpg	[<2012>]
4236541	3E-003_PTKiGK_Zabrze_Naklo_Slaskie_18062008_01.jpg	[<2008>]
21373724	Nancy_-_temple_(2).JPG	[<September_2012>, <2012>]
10213404	1851_Whipple_Cornhill_BostonDirectory.png	[<1851>]
29803999	Canadarm_1_-_STS-72.jpg	[<January_1996>, <1996_in_spaceflight>]
69001720	Nowruz_Festival_DC_2018_(41303220134).jpg	[<2018>]
65839584	Illingen_Rosenmontagsumzug_2009_-_013.jpg	[<Rosenmontag>]
11016677	Yurika_Sema_at_Bank_of_the_West_Classic_qualifying_2010-07-25_1.JPG	[<2010_Bank_of_the_West_Classic>]
6155984	Starr_080602-5516_Verbena_litoralis.jpg	[<2008>]
18393094	Keihässalmi_Forum_Marinum.JPG	[<2011>]
56122437	Скульптура_птицы_турула_на_мачте_моста._-_panoramio.jpg	[<August_2012>]
26585911	Clinton_Presidential_Park_Bridge_Little_Rock_AR_2013-06-07_003.jpg	[<June_2013>]
58951631	Canberra_Light_Rail_construction_in_Gungahlin_2.jpg	[<May_2017>]
15060456	2011._Пасха_Красная_351.jpg	[<Easter>]
28835130	Terme_di_Saturnia_-_Cascate_del_Mulino-0531.jpg	[<June_2013>]
26854477	Swiss_Airbus_A340-313X,_HB-JMF@ZRH,04.11.2006-437bw_-_Flickr_-_Aero_Icarus.jpg	[<2006>]
28671150	Boeing_737-2E1,_Eastern_Provincial_Airways_AN1250640.jpg	[<October_1985>, <1985>]
9029733	Montpelier_vt_by_night.jpg	[<September_2009>]
14593437	Pendleton_War_Memorial_-_geograph.org.uk_-_1775889.jpg	[<March_2010>]
52650781	Last_Supper_-_Sant'Apollinare_Nuovo_-_Ravenna_2016_(2).jpg	[<September_2016>]
35865797	Pauline_Clyburn,_rehabilitation_client_at_Manning,_Clarendon..._(3109745797).jpg	[<1939>]
19260876	Der_gute_Hirte_(Neuendettelsau)_0183.jpg	[<2012>]
39107879	Połacak,_Spas._Полацак,_Спас_(1916).jpg	[<1916>]
18341858	St_Charles_Ave_Louisiana_Uptown_NOLA_Jan_2012_Construction_Up_River.JPG	[<2012>]
13915494	Seat_and_bin,_Lisburn_-_geograph.org.uk_-_1192448.jpg	[<March_2009>]
73624502	BYU_Defense,_BYU_Cougars_vs._Michigan_Wolverines,_Michigan_Stadium,_University_of_Michigan,_Ann_Arbor,_Michigan_(21123069944).jpg	[<2015>, <September_2015>, <2015_Michigan_Wolverines_football_team>, <2015_BYU_Cougars_football_team>]
58449846	Climate_March_1647_(33603131543).jpg	[<March_2017>]
39744003	Vang_Church_door_inside.JPG	[<2015>]
55855767	Mercè_2016_-_Falcons_de_Barcelona_02.jpg	[<La_Mercè>]
60520182	Finale_du_Championnat_de_France_de_rugby_à_XIII_2017_17.jpg	[<2017>]
59322665	Leichtathletik_Gala_Linz_2017-7335.jpg	[<2017>, <May_2017>]
33628094	FDA_Inspectors_(FDA_170)_(8212326206).jpg	[<1949>]
17491400	Glaspalast_München_1883_207.jpg	[<1883>]
53787183	Budapest,_Jégpalota,_korcsolya_disco.jpg	[<November_2016>]
23683616	Overzicht_-_Middelburg_-_20158060_-_RCE.jpg	[<1962>]
70951296	Kindergarten_Sports_Festival;_September_2013_(18).jpeg	[<wikicat_Sports_festivals_in_Japan>]
41034541	Band_Photo,_May_2015.JPG	[<2015>, <May_2015>]
6505118	Dorchester_Church_Tower,_Dorchester_Creek_Junction,_Ashley_River,_north_bank_(Dorchester_County,_South_Carolina).jpg	[<1940>]
46349428	Unidentified_tree_budding_on_Seattle_University_campus_01.jpg	[<January_2016>]
64078983	Jake_Butt_(30182708513)_(cropped2).jpg	[<2016_Michigan_Wolverines_football_team>, <November_2016>, <2016>, <2016_Maryland_Terrapins_football_team>]
57860357	20170409_249_hody.jpg	[<2017>, <April_2017>]
68534796	Elodie_Yung_at_2016_Chicago_Wizard_World_(29248377571)_(cropped).jpg	[<Wizard_World_Chicago>]
49052909	20160518_136_edessa_site.jpg	[<2016>, <May_2016>]
49468234	Danyang_Railway_Station_20150715_151550.jpg	[<July_2015>]
48963063	20160515_084_kapetan_photis.jpg	[<2016>, <May_2016>]
65410158	TZ25T_090101@BCR_(20180110164747).jpg	[<January_2018>]
43287892	Principles_of_electro-medicine,_electrosurgery_and_radiology_-_a_practical_treatise_for_students_and_practitioners._With_chapters_on_mechanical_vibration_and_blood_pressure_technique_(1917)_(14574398967).jpg	[<1917>]
27256462	AirTran_N969AT_717.JPG	[<2007>]
17849990	United_Spare_747_-_N194UA_-_Flickr_-_skinnylawyer.jpg	[<2010>]
62488170	Puistolinna_2017.jpg	[<2017>]
65932283	Strullendorf_E-Werk_9173884.jpg	[<September_2017>]
18701345	Japan_Expo_Sud_-_Ambiances_-_2012-03-04-_Ganbare_Japan_-_P1350626.jpg	[<March_2012>]
17046139	Baby_of_Boyd_Lindsay,_miner,_in_kitchen_of_his_home_in_company_housing_project._Utah_Fuel_Company,_Sunnyside_Mine..._-_NARA_-_540502.jpg	[<1946>]
72022012	Tribulation_Party.San_Metal_Open_Air_2018_74.jpg	[<Metal_Open_Air>]
40511343	Ivachiv-Horishniy-stav-13083996.jpg	[<August_2013>]
36382498	2014.10.25_Hong_Kong_protests_Admiralty_15.JPG	[<October>]
36393354	Simon_Gagne_-_Boston_Bruins.jpg	[<2014-15_Boston_Bruins_season>]
62766853	Mil_Mi-28N_‘RF-92130_-_12_yellow’_(36581838213).jpg	[<2017>, <August_2017>]
65527438	Holy_Trinity_church,_gate_and_stairs,_2017_Mór.jpg	[<September_2017>]
18783003	D1023_and_D1013_at_Swindon.jpg	[<1977>]
51972456	2001,_EPA_and_NSTAR_begin_to_relocate_power_cables_across_harbor_(5202013182).jpg	[<2001>]
66668207	Beati_in_Apocalipsin_libri_duodecim_-_page_063.jpg	[<Illuminated_manuscript>]
52843195	20161105_seraing067.jpg	[<November_2016>, <2016>]
5821350	Troika_akron.jpg	[<2003_in_Russia>]
10790398	20100626_oppagne03.JPG	[<2010>, <June_2010>]
41098014	Metropolitan_Apartments_-_Alphabet_HD_-_Portland_Oregon.jpg	[<1930>]
59529994	01-06-2017_Miradouro_do_Farol,_Olhos_de_Água_(3).JPG	[<June_2017>]
65877482	Lycaena_phlaeas_(9242614662).jpg	[<2012_in_Romania>]
32918737	Caged_Zebra_Finches_In_The_Marché_des_Fleurs,_Paris_April_2014.jpg	[<April_2014>]
49454215	Fiesta_Asia_DC_2016_(27548152796).jpg	[<June_2016>]
