30270026	Blason_ville_fr_Seranville_(Meurthe-et-Moselle).svg	[<Seranville>]
39888225	Pedra_do_Elefante.JPG	[<Maricá>]
27105559	HinulugangTaktakjf5080_03.JPG	[<Hinulugang_Taktak>]
21713690	BanderaPradejón.jpg	[<Pradejón>]
12920954	I'r_goedwig._To_the_Forest._-_geograph.org.uk_-_405489.jpg	[<Felindre>]
27808080	View_of_Winsted,_Conn._(2673850457).jpg	[<Connecticut>]
37795439	Rhea_americana,_Península_Valdés,_Argentina_1.jpg	[<Valdes_Peninsula>]
54426731	Duke_Street_area_Ordnance_Survey_map_1870s.jpg	[<London>]
36118245	London,_UK_(August_2014)_-_191.JPG	[<The_National_Gallery,_London>, <Trafalgar_Square>]
56201901	Rincones_de_la_localidad_de_Hernani_(3_de_7)_-_Fondo_Car-Kutxa_Fototeka.jpg	[<wikicat_Municipalities_in_Gipuzkoa>]
69618668	Bundestreffen_der_Danziger_in_der_Ostseehalle_(Kiel_30.498).jpg	[<Ostseehalle>]
74765102	Saint_Paul_Cemetery.jpg	[<Nacogdoches,_Texas>, <wikicat_Cemeteries>]
25699342	Velkolom_Čertovy_schody,_od_Koněpruských_jeskyní_(01).jpg	[<Suchomasty>, <Koněprusy>, <Tmaň>]
12098911	Palacio_de_Aguas_Corrientes_Placa.jpg	[<Aguas_Corrientes>]
25598011	Hammarby_IF_-_IFK_Värnamo_April_2013_01.jpg	[<Björkeryd>]
33761416	BUILDING_284,_INTERIOR_ON_WEST_SIDE_OF_BUILDING._-_Presidio_of_San_Francisco,_Electrical_Shop,_Crissy_Field_North_cantonment,_San_Francisco,_San_Francisco_County,_CA_HABS_CAL,38-SANFRA,178-8.tif	[<National_Register_of_Historic_Places>]
37202044	Mooie_luchten_boven_Wirdum_in_Friesland.jpg	[<Wirdum,_Friesland>]
8442134	Museo_Zumalakarregi_Exposición_El_siglo_XIX_en_caricaturas.jpg	[<Ormaiztegi>]
56138478	Град_Скопје,_Р._Македонија_опш._Центар_-_panoramio_(13).jpg	[<Skopje>]
40140662	Vulkanovka_6.JPG	[<Populated_Place>]
21097837	Berlin_Wall_Invalidenfriedhof_-_Stierch_A_01.jpg	[<Invalidenfriedhof>]
59141286	Осень_в_лесу_-_panoramio_(4).jpg	[<Voronezh>]
23603129	Waterzijde_-_De_Kaag_-_20121450_-_RCE.jpg	[<Kaag>]
57141568	Joodse_begraafplaats,_Huisduinen,_Den_Helder_02.jpg	[<Jewish_cemetery>]
51126166	Visnove2.jpg	[<Višňové,_Žilina_District>]
9342462	Old_Hall,_Kilnsey_-_geograph.org.uk_-_216334.jpg	[<Conistone>]
8443763	2009-09_Dresden_2.jpg	[<Dresden>]
7336687	POL_gmina_Sulęczyno_COA.svg	[<Gmina_Sulęczyno>]
35407723	WWII_memorial,_Architecture_Academy,_Odessa.jpg	[<World_war_ii_memorial>]
63523214	Presidente_Artur_Bernardes_e_ministros_de_Estado.tif	[<Brazil>]
42458382	Annual_report_of_the_American_Scenic_and_Historic_Preservation_Society_to_the_legislature_of_the_State_of_New_York._(1901)_(14784906565).jpg	[<Watkins_Glen_State_Park>]
20759555	Book_Off_Manga.jpg	[<Shelve>]
33127379	2014-04-27_14-55-23_Iceland_-_Hvammstanga_Laugarbakki.JPG	[<Hvammstangi>]
10240340	Berlin-AVK_Anlauf_019.jpg	[<Skulpturengarten_AVK>]
63666698	Charlotte_Hornets_vs._Chicago_Bulls_(January_2,_2017)_IMG_4948.jpg	[<Luxury_box>, <United_Center>]
50901757	WPV_farming2.jpg	[<White_Pine_Village>]
40351609	Great_Yeldham_village_sign_(geograph_4005064).jpg	[<Great_Yeldham>]
39518744	Luthmer_IV-099-Beilstein_Burgruine_von_Osten.jpg	[<Greifenstein_(Hessen)>]
70787254	Kościół_pw._Chrystusa_Króla.jpg	[<Przeworsk>]
50447094	Beach_at_Westport,_WA_-_navigation_tower_01.jpg	[<Westport,_Washington>]
19768497	Obernberg,_Hanserkreuz.jpg	[<Obernberg_am_Brenner>]
40811455	Streamlined_ferry_Kalakala_(76842).jpg	[<National_Register_of_Historic_Places>]
28970231	Meta_-_Campania_-_Italy_-_July_12th_2013.jpg	[<Sant'Agnello>]
74109654	Nunhead_Cemetery_–_20180126_131817_(40139572192).jpg	[<Nunhead_Cemetery>]
13804782	Shapes_in_the_sand_-_geograph.org.uk_-_1095338.jpg	[<Aberdaron>]
17919432	Projector_Lumiere_from_Gherla_museum.jpg	[<Gherla>]
64916300	671Libad_Festival_procession_Guagua_Pampanga_10.jpg	[<Guagua,_Pampanga>]
11149913	Kuks_from_air_3_edit.jpg	[<Kuks>, <Hospital_Kuks>]
50186647	Widok_na_kościół_z_bocznej_drogi_do_Olpucha.jpg	[<Konarzyny>]
54221777	Цех_ДБК_(Домобудівний_комбінат)_^1_-_panoramio.jpg	[<Ivano-Frankivsk_Municipality>]
73679294	Canton_de_Santa_Maria,_edificio_rosa.jpg	[<wikicat_Neighborhoods_in_Vitoria-Gasteiz>]
13549559	Low_bank_Rannerdale_Knotts_-_geograph.org.uk_-_866359.jpg	[<Buttermere,_Cumbria>]
32427527	Hoogkerk_-_voormalig_gemeentehuis_(rechts).jpg	[<Hoogkerk>, <Groningen_(city)>]
61720519	Allée_des_étangs_(de_Brimeux_à_Marenla)_03_aout_2017a90.jpg	[<Brimeux>]
23729013	Voor-_en_zijgevel_-_Poortvliet_-_20182943_-_RCE.jpg	[<Poortvliet>]
58348297	Veringenstadt_Peterskapelle_178_Kreuzigungsgruppe.jpg	[<Burg_Veringen>]
30681603	Bragança_1085.PNG	[<Bragança_(district)>]
3579780	Old_palm_house_(Schönbrunn)_20080216_building_site.jpg	[<Palace_and_Gardens_of_Schönbrunn>, <Tiergarten_Schönbrunn>]
19443118	20120514_embourg11.JPG	[<Embourg>]
12426045	FortHowardHospitalWardHeritageHill.jpg	[<Green_Bay,_Wisconsin>, <Heritage_Hill_State_Historical_Park>, <National_Register_of_Historic_Places>]
51912308	San_Ramón,_Chanchamayo,_Junín._13.jpg	[<Populated_Place>]
52464310	My_House_Under_construction_-_panoramio.jpg	[<Mianwali_District>]
63097709	Segersta_kyrka_-_KMB_-_16000200039043.jpg	[<Segersta>]
47639997	Raglan_Castle_(0349).jpg	[<Raglan_Castle>]
34078958	Cathédrale_Saint-Etienne_-_Vue_intérieure_d'une_chapelle,_côté_nord_-_Meaux_-_Médiathèque_de_l'architecture_et_du_patrimoine_-_APMH00013256.jpg	[<Base_Mérimée>]
29130158	Dun_Laoghaire_Seafront_(1017310230)_(7).jpg	[<Dún_Laoghaire>]
59025455	Surat_Thani,_December_2014_-_panoramio_(10).jpg	[<Surat_Thani_Province>]
59308219	좌석발급기사진.jpg	[<Seosan>]
27221468	Rossland_B._C._in_Winter_(HS85-10-23049).jpg	[<Rossland,_British_Columbia>]
60138014	Phường_3,_tp._Mỹ_Tho,_Tiền_Giang,_Vietnam_-_panoramio_(3).jpg	[<Tien_Giang>]
36752677	Grills_of_the_masoleoum_of_Itmad-ud-Daulah's_tomb_2.jpg	[<Itmad-Ud-Daulah's_Tomb>]
33036803	San_Martin_de_Pusa.jpg	[<San_Martín_de_Pusa>]
38183348	JfMamatitangMabalacatHallPampangafvf_04.JPG	[<Mabalacat,_Pampanga>]
68321827	'Amna_Suraka'_(Red_Security_Building)_in_Sulaymaniyah_01.jpg	[<Sulaymaniyah>]
15559548	Bergshamra_kvarngård1.jpg	[<Bergshamra>]
49898863	Ale_Kierfecht,_Réiser-108.jpg	[<Roeser>]
47400102	Burtnieki,_brīvības_cīņu_piemineklis_pie_baznīcas_2000-04-29_-_panoramio.jpg	[<Burtnieki>]
10397220	Sturmflut_1962_(5.82m)_01.jpg	[<Haseldorfer_Marsch>]
23969676	Dorpsgezicht-_huisjes_bij_de_kerk_-_Middelharnis_-_20319431_-_RCE.jpg	[<Middelharnis>]
52687761	Storks_and_transylvania_scene,_july_2009_-_panoramio.jpg	[<Transylvania>]
19055157	Kleiderordnung,_Arensberg_6._September_1765_(2).jpg	[<Germany>]
21848792	First_Presbyterian_Church_Racine,WI.jpg	[<National_Register_of_Historic_Places>]
24190934	Achtergevel_-_Kiel-Windeweer_-_20474832_-_RCE.jpg	[<Dorpsstraat>]
45408334	Genoa_Township,_Ohio_(7235256480).jpg	[<Genoa_Township,_Delaware_County,_Ohio>]
14355099	Weak_bridge_on_the_road_to_Old_Snap_-_geograph.org.uk_-_1592079.jpg	[<Stanbury>]
74166287	Sternwheeler_SS_Nipawun,_pulling_away_from_the_pier_at_The_Pas,_Manitoba,_1925,_from_the_film_'Seaport_of_the_Prairies'_-t.png	[<The_Pas,_Manitoba>]
35862815	Crater_in_Ivanky_07.jpg	[<Populated_Place>]
47757639	Mithrász-szobor_Carnuntinum.jpg	[<Carnuntum>, <Museum_Carnuntinum>]
70020185	Intérieur_de_la_chapelle_du_cimetière_de_Saint_Juan.jpg	[<Saint-Juan>]
58454586	St_Aug_Oglethorpe_Park_Monument07.jpg	[<wikicat_Parks_in_St._Johns_County,_Florida>]
58030950	Didžiasalio_apylinkės_nuo_apžvalgos_bokšto_-_panoramio.jpg	[<Utena_County>]
74178944	Brostugan_Huddinge_kommun,_2018a.jpg	[<Huddinge_Municipality>, <Sörmlandsleden>, <Socken>, <Flemingsberg>, <Old_Road>]
68632147	Brasão_Paraíso_do_Sul.jpg	[<Paraíso_do_Sul>]
13741675	Twilight_over_Tràigh_Losgaintir_-_geograph.org.uk_-_1038542.jpg	[<Losgaintir>]
13559355	Hillside_above_Upper_Treburvaugh_-_geograph.org.uk_-_876010.jpg	[<Powys>]
9312037	Cupid's_Ramble,_West_Felton_-_geograph.org.uk_-_209227.jpg	[<West_Felton>]
11999670	Hudson_River_in_New_York,_from_Hoboken_Ferry_boat,_from_Robert_N._Dennis_collection_of_stereoscopic_views.jpg	[<New_York_Harbor>]
56576945	®_M.D._MADRID_PARQUE_de_la_MURALLA┼_-_panoramio_(7).jpg	[<Madrid>]
32212738	Blue_Sources_Nature_Reserve_in_Tomaszow_Mazowiecki_-_02.jpg	[<Nature_reserve>]
18364090	Door_handle_with_lion_head,_rectory_St._Pankraz,_Upper_Austria_-_detail_2.jpg	[<St._Pankraz>]
56717954	Warthogs_on_the_lawn_-_panoramio_(4).jpg	[<Victoria_Falls>]
13688807	Ballyholey_Far_-_geograph.org.uk_-_999691.jpg	[<Townland>]
10908168	Pont_des_Anabaptistes_Fussgaengersteg_03_10.jpg	[<Corgémont>]
27943567	13-08-01_Wacken_Impius_Mundi_Peter_Heilen_03.jpg	[<Mundi>]
28598979	Палац_Корнякта.JPG	[<Korniakt_Palace>]
43481752	03319jfMulawin_Roads_Tugatog_Pariso_Bayan_Orani_Bataanfvf_32.JPG	[<Barangay>]
70477493	Taiping_Forest_Park_太平森林公园_(5219969982).jpg	[<Xi'an>]
7738152	Campora_San_Giovanni_09-FestaSanFrancesco-Processione.jpg	[<Campora_San_Giovanni>]
50992056	NP_Prosirenje_Drina_07.jpg	[<Drina_river>]
1760675	DSCN1674.JPG	[<wikicat_Squares_in_Puerto_Rico>, <Arecibo>]
23768195	Voor-_en_linker_zijgevel_-_Ten_Arlo_-_20207049_-_RCE.jpg	[<Ten_Arlo>]
49920892	Mangrove_forests_of_Qeshm01.jpg	[<Hara_forests_of_Qeshm>]
56784342	Médéa_-_vers_chifa_-_panoramio.jpg	[<Médéa>]
13047903	Hochsimmer-ostkuppe.jpg	[<Hochsimmer>]
22310673	Aiken_Winter_Colony_Historic_District_Three.jpg	[<wikicat_Historic_districts_in_South_Carolina>, <Aiken,_South_Carolina>, <National_Register_of_Historic_Places>]
68733798	Німчич_DSCN9682.jpg	[<Heritage_site>]
36677784	Slovenski_izgnanci_v_ustaškem_taborišču_Slavonska_Požega.jpg	[<Croatia>, <Požega,_Croatia>]
3895359	Cappadocia_027_n.jpg	[<Cappadocia>]
36703509	John_Brewster_Meadows.jpg	[<Ipswich>]
43340030	Völklinger_Hütte_IMG_6497_(9708019387).jpg	[<Völklingen_Ironworks>]
54669656	Artillery_Motif_on_the_Town_Hall_(geograph_4158809).jpg	[<St_Just_in_Penwith>]
35909252	TAG_Flight_93_Memorial_Entrance.jpg	[<Flight_93_National_Memorial>]
28731110	Burkittsville_HD_MD10.jpg	[<Abandoned_building>, <Burkittsville,_Maryland>, <National_Register_of_Historic_Places>]
477332	Ph_locator_eastern_samar_borongan.png	[<Borongan>]
21531089	Col·legi_Teresià_P1400638.JPG	[<Barcelona>]
32441388	St._Aegyd_Suedliche_Bahnhofseinfahrt.jpg	[<St._Aegyd_am_Neuwalde>]
23558751	Vleugel_L.de_Key,_gang_naar_raadzaal_-_Haarlem_-_20096101_-_RCE.jpg	[<Haarlem>]
2525769	Ivrèja_-_Vìcol_dl'Ors.jpg	[<Ivrea>]
5128831	Frbg-väg245.JPG	[<Ludvika_Municipality>, <County_road>, <Säfsnäs>]
51961569	Karla_Pinheiro_Estacao_da_Luz_SP_Photo_15_30SET16.jpg	[<Estação_da_Luz>]
9186270	The_Car-Park_by_The_Abhainn_Coire_Mhic_Nobuil_-_geograph.org.uk_-_64346.jpg	[<Inveralligin>]
67838537	Gedenkstaette_Deutsche_Teilung_Marienborn_(Marienborn_Memorial_to_the_Division_of_Germany)_-_geo.hlipp.de_-_28037.jpg	[<Marienborn>]
9351571	Ludbrook_Cross_-_geograph.org.uk_-_233784.jpg	[<Ugborough>]
25516908	20130331Sonnenberg13.jpg	[<Sankt_Arnual>, <Sonnenberg>]
41386494	FINA_World_Swimming_Championships_(25m)_2014.jpg	[<Doha>]
39592686	Replica_Curtis_bi-plane_lands_at_Naval_Station_Norfolk_DVIDS336939.jpg	[<Naval_Station_Norfolk>]
57043274	Editatón_del_Día_Internacional_de_la_Mujer_2017_-_Sala_01.jpg	[<Santiago>]
26385046	StateLibQld_2_66947_Cattle_near_Laidley,_Queensland,_ca._1910.jpg	[<Laidley,_Queensland>]
28367544	Здание_госпиталя,_в_котором_работал_военный_хирург,_профессор_Ахутин_Михаил_Никифорович_(Серышева_улица,_1).JPG	[<Khabarovsk>]
12580550	Roadside_houses,_B1165_near_Tydd_St_Mary._-_geograph.org.uk_-_361870.jpg	[<Tydd_St_Mary>]
38655878	Hall_passes_legacy_to_Scott_as_MARSOC_sergeant_major_140627-M-LS286-287.jpg	[<Marine_Corps_Base_Camp_Lejeune>]
13197032	Stile_and_footpath_leading_south_from_Ledbury_-_geograph.org.uk_-_655808.jpg	[<Ledbury>]
2559067	Escudo_de_Alarba.svg	[<Alarba>]
34429012	South_El_Paso_St.,_412-416_(commercial),_west_façades,_east_side_of_street_-_South_El_Paso_Street_Historic_District,_South_El_Paso,_South_Oregon_and_South_Santa_Fe_Streets,_El_HABS_TEX,71-ELPA,4-30.tif	[<Historic_district>]
41937697	French_garden_(Dobříš)_1783.JPG	[<French_garden>]
71843171	Mt_Ayrs_Pub_Library_P6070874.jpg	[<Mount_Ayr,_Iowa>]
71877817	Starr-101013-5036-Argyroxiphium_sandwicense_subsp_macrocephalum-habitat_with_black_and_white_rock-Kamoalii_Haleakala_National_Park-Maui_(25027861686).jpg	[<Haleakalā_National_Park>, <Haleakalā>]
18510611	Jonathan_Schell_Occupy_Town_Square_2012_Shankbone_2.JPG	[<Town_square>]
13054375	River_Coquet_at_Warkworth_-_geograph.org.uk_-_521525.jpg	[<River_Coquet>, <Warkworth,_Northumberland>]
54087878	Cows_playing_trip_thru_Akbara_-_panoramio.jpg	[<Safed>]
71434977	Empire_Of_The_Sun_Ice_On_The_Dune_(60746642).jpeg	[<Washington,_D.C.>]
59377711	2017-05-27_18-52-36_triathlon-belfort.jpg	[<Belfort>]
17119158	A_PIECE_OF_RUSTING_FARM_MACHINERY_LIES_NEAR_STRIPPED_LAND_IN_SOUTHEASTERN_OHIO._THE_AREA_AROUND_THE_FARMHOUSE_IS..._-_NARA_-_554783.jpg	[<wikicat_Farms_in_Ohio>]
28974319	Katzensprung_(Magdeburg-Altstadt).ajb.jpg	[<Elbe>]
20250246	Terrasson_Chapelle-Mouret_maison.JPG	[<Terrasson-Lavilledieu>]
69931338	Wasatch_Range_(41915464244).jpg	[<Wasatch_Range>, <Utah_Lake>]
27248140	Hamburg-St._Pauli_Große_Freiheit_01.jpg	[<Große_Freiheit>]
40543968	9905jfSanta_Arcadia_Subdivisions_Cabanatuan_Cityfvf_02.JPG	[<Cabanatuan_City,_Nueva_Ecija>]
51944484	Pakistan-Monument_Isloo-_@ibnazhar_Sep_2016_(136).jpg	[<Islamabad>]
178165	Lac-du-der-hafen.jpg	[<Lac_du_Der-Chantecoq>]
54731085	Oued_kramis_-_ancien_pont_جسر_قديم_-_panoramio_(4).jpg	[<Mostaganem>]
26018957	20130505_Maastricht_Julianakanaal_01.JPG	[<Meerssenhoven>, <Itteren>]
40355530	Coat_of_Arms_of_San_Martín_de_Montalbán.svg	[<San_Martín_de_Montalbán>]
49151162	Walls_of_Jerusalem_National_Park,_Tasmania_34.jpg	[<Walls_of_Jerusalem_National_Park>]
10676901	Montreal_Stanislas3_tango7174.jpg	[<Plateau_Mont-Royal>]
35703384	Pławniowice,_park_pałacowy_(07).JPG	[<Palace_Park>]
47039262	MikashevSR.PNG	[<Davlekanovsky_District>]
22521471	Multiplication-cod-inchrosil-2.png	[<Helice>]
55029517	Rat_Verlegh_Stadion_DSCF9256.jpg	[<Rat_Verlegh_Stadion>]
7503412	EM_Stadion_Wals-Siezenheim(Tag_der_offenen_Tür_Red_Bull_Salzburg).JPG	[<wikicat_Association_football_venues>]
42254644	Bog-trotting_for_orchids_(1904)_(20378462682).jpg	[<Nile>]
11990401	Nanzen-in_-_Nanzenji_-_IMG_5374.JPG	[<Japanese_garden>, <Historic_site>]
49551055	Toward_the_chaos,_2-8_prepares_for_combat_scenarios_160412-M-GL218-080.jpg	[<Marine_Corps_Base_Camp_Lejeune>]
24025213	Trierer_Apokalypse_fol_8v.jpg	[<Pergamon>]
37667862	Movia_bus_line_11A_on_Kalvebod_Brygge_01.JPG	[<Kalvebod_Brygge>]
42135252	Harol_(42).JPG	[<Harol>]
49180833	A_Petőfi_híd_felhajtója,_Lágymányosi-tó_feltöltés_közben._A_háttérben_Kelenföld_gyárai._Fortepan_3191.jpg	[<Lágymányos>]
2299763	NCMap-doton-Conway.PNG	[<Northampton_County,_North_Carolina>]
52939408	Igreja_O_Brasil_Para_Cristo_-_panoramio.jpg	[<Rondonópolis>]
65563801	2017-09-10_13_23_33_View_northeast_along_the_Cove_Trail_on_the_south_side_of_Spring_Lake's_cove_in_Berlin,_Rensselaer_County,_New_York.jpg	[<wikicat_Hiking_trails_in_New_York>]
46524980	06233jfBarangay_Road_Pansinao_Candaba_Mount_Arayat_Pampanga_Riverfvf_08.JPG	[<Candaba,_Pampanga>]
74116080	Crepidotus_sp._(39561734812).jpg	[<Nature_reserve>]
47149972	Blick_vom_Karlsberg_auf_Röttingen.jpg	[<Romantische_Straße>, <Röttingen>, <Landkreis_Würzburg>]
17294403	Kritschim_by_Spasimir_87.JPG	[<Krichim>]
65110331	MERIDA_(6412373457).jpg	[<World_Heritage_Site>]
16192071	Avenuo_Kolombio_2.jpg	[<Colombia>]
12552073	Linn_of_Muick_-_geograph.org.uk_-_357060.jpg	[<Ballater>]
14278938	Bawdsey_gun_battery_-_geograph.org.uk_-_1534633.jpg	[<Bawdsey>]
34739787	Adecentamiento_total_de_la_Unidad_Educativa_¨Dr._Federico_Gonzalo_Suarez¨_(9839251704).jpg	[<Piñas>]
36524932	Пенза_Куйбышева_13_общий_вид.JPG	[<Penza>]
10989228	1992_03_11SukilėliųTumkevičius6.jpg	[<History_of_Šiauliai>]
23667641	Cédula_Real_Hospital_de_Riobamba_parte1_31.V.1631_-_AHG.jpg	[<Riobamba>, <Viceroyalty_of_New_Granada>, <Royal_Audience_of_Quito>]
69455297	Avenida_Francisco_Solano_López_Molino_Rojo_de_dia_Sabana_Grande_Caracas_Vicente_Quintero_fotografía_mayo_2018_4.jpg	[<Caracas>]
39317126	Olomouc,_autobusové_nádraží,_autobusy_po_obvodu.jpg	[<Olomouc>]
11603793	RM19845_Haarlem_-_Zijlstraat_3.jpg	[<Haarlem>]
16579501	Essen_-_Vittinghoffstraße_-_Haus_Vittinghoff_-_Vorburg_02_ies.jpg	[<Haus_Vittinghoff>]
2757532	Praha,_Smíchov,_pohled_do_Radlic.JPG	[<Smíchov>, <Districts_of_Prague>]
40266942	Pottery_from_chamber_tomb_10_of_Dendra_1.JPG	[<Archaeological_site>, <Chamber_tombs>]
73023772	Gindou_-_Eglise_Saint-Barthélemy_-_03.jpg	[<Gindou>]
19013254	Amsterdam-Noord_-_Kamperfoelieweg_209.JPG	[<Amsterdam>]
34289586	GREAT_FALLS_OF_THE_PASSAIC_RIVER._-_Great_Falls-S._U._M._Historic_District,_Oliver_Street,_Paterson,_Passaic_County,_NJ_HAER_NJ,16-PAT,15-28.tif	[<Great_Falls_(Passaic_River)>]
9258885	Priory_Farm_driveway_-_geograph.org.uk_-_140305.jpg	[<Upton_Snodsbury>, <Holberrow_Green>]
14327435	Hilltop_cairns._-_geograph.org.uk_-_1571895.jpg	[<Rhayader>]
38335898	JfSantaCruzGapanNuevaEcijaSchoolfvf_23.JPG	[<Santa_Cruz>]
57617301	桃園-燒肉同話_(30896988444).jpg	[<Taoyuan_District,_Taoyuan>]
46636738	0644jfRiverside_Landscapes_Fields_River_Rosario_Minalin_Pampanga_villagesfvf_08.JPG	[<Minalin,_Pampanga>, <Macabebe>]
55295215	2012_-_panoramio_(241).jpg	[<Brompton_Cemetery>]
40187529	1st_Reconnaissance_Battalion_Fast_Roping_and_Rappelling_140826-M-JF072-023.jpg	[<Marine_Corps_Base_Camp_Pendleton>]
48809146	Baie_de_Somme_(13).JPG	[<Le_Crotoy>]
11739930	Vy_över_Toppengallerian.jpg	[<Höllviken>]
13834238	Field_Head_Lane_-_viewed_from_Nova_Lane_-_geograph.org.uk_-_1123191.jpg	[<Batley>]
10021098	Moulton_House,_Center_Harbor,_N.H,_from_Robert_N._Dennis_collection_of_stereoscopic_views.png	[<Center_Harbor,_New_Hampshire>]
23613887	Colmslie_Beach_Reserve_(8007570346).jpg	[<Colmslie,_Queensland>]
71852485	Parc_Angrignon_-_218.jpg	[<Parc_Angrignon>]
51059482	Bonn,_Markt,_Altes_Rathaus-20160727-003.jpg	[<Bonn>, <Bonn-Zentrum>]
30683239	Agatunet,_Hordaland_-_Riksantikvaren-T276_01_0219.jpg	[<Hordaland>]
5098355	Packers.JPG	[<South_Head_Cemetery>]
38862685	Jf4730San_Jose_Apunan_Lubao_Welcome_Pampangafvf_07.JPG	[<Lubao,_Pampanga>]
59435927	160514-006_Lake_Elizabeth.jpg	[<Great_Otway_National_Park>]
9269229	Rocky_Coast_-_geograph.org.uk_-_155365.jpg	[<Achmelvich>]
7357833	Lotus_79_Mont-Tremblant.JPG	[<Circuit_Mont-Tremblant>]
70321458	Manastir_Privina_Glava,_jun_2018._638.jpg	[<Privina_Glava>]
23853065	Cleveringheerdt&quot;,_achter_-_Usquert_-_20251373_-_RCE.jpg	[<Usquert>]
43889364	09602jfBaliuag_San_Rafael_Bulacan_Welcome_Highway_Irrigation_Ulingaofvf_09.JPG	[<Baliuag,_Bulacan>, <Bulacan>, <San_Rafael,_Bulacan>]
29344777	Canoes_and_Kayaks_for_rent_at_Bear_Creek_Lake_State_Park_(5935492508).jpg	[<Bear_Creek_Lake_State_Park>]
11280520	Bridge_across_Disused_Railway_near_Larkhall_-_geograph.org.uk_-_259996.jpg	[<Larkhall>]
32892943	FvfValenzuela1550_11.JPG	[<Bignay,_Valenzuela>]
52225077	Borský_kaštan_-_podzim.jpg	[<Bor_(Tachov_District)>]
57044925	Taji_troops_help_defend_wetland_habitats_DVIDS182470.jpg	[<Camp_Taji>]
58490331	Wasseramsel3.jpg	[<Nature_reserve>]
14705638	HH-20110316-07-Michaelisbruecke-cor.jpg	[<Hamburg-Neustadt>]
34423123	Historic_American_Buildings_Survey,_Arthur_W._Stewart,_Photographer,_April_23,_1936_SOUTHEAST_ELEVATION_OF_RUINS_OF_INDIAN_QUARTERS._-_Mission_San_Juan_de_Capistrano,_Berg's_HABS_TEX,15-SANT.V,3-9.tif	[<National_Register_of_Historic_Places>]
14441138	Wareham,_the_quay_enjoys_some_winter_sun_-_geograph.org.uk_-_1719014.jpg	[<River_Frome,_Dorset>, <Wareham,_Dorset>]
49223711	Laupersdorf_von_oben_cropped.jpg	[<Laupersdorf>]
34852831	Ama_la_Vida_-_Flickr_-_Jocha_-MamaNegra2013_(9899313164).jpg	[<Latacunga>]
22540005	Velatice,_hostinec.jpg	[<Velatice>]
69447732	Monkey_at_sundarbans.jpg	[<Sundarbans_East_Wildlife_Sanctuary>, <Heritage_site>]
32688593	Bahnhof_Doberlug-Kirchhain_2014_(Alter_Fritz)_43.JPG	[<Station_Town>]
16910332	California_-_NARA_-_543431.jpg	[<California_coast>]
12977610	St._Nicholas_Church,_Potter_Heigham_-_geograph.org.uk_-_452739.jpg	[<Hassocks>]
54158591	220911-SMB-17_-_panoramio.jpg	[<Sitionuevo>]
28019608	ArtWMPVelkySaris13Slovakia6.JPG	[<Gibala>]
13460815	Millen_Lane_-_geograph.org.uk_-_786307.jpg	[<Stokeinteignhead>]
23629407	Tekening_van_architect_J.W._Schaap_voor_de_restauratie_voorgevel_(in_archief_Bouw-_en_Woningtoezicht_te_Leiden)_-_Leiden_-_20134414_-_RCE.jpg	[<Leiden>]
14421510	Blythswood_Road_-_geograph.org.uk_-_1707151.jpg	[<Renfrew>]
53565932	Shenyang_ocra_(cropped).jpg	[<Shenyang>]
34025290	Voyages_de_la_Commission_scientifique_du_Nord,_en_Scandinavie,_en_Laponie,_au_Spitzberg_et_aux_Feröe_-_no-nb_digibok_2009040211001-22.jpg	[<Svalbard>, <Norway>, <Sweden>]
13628044	Plaque_on_the_wall_-_geograph.org.uk_-_938846.jpg	[<Wallingford,_Oxfordshire>]
29445930	Taxi_in_Langkawi_04.JPG	[<Langkawi>]
30490469	Sčítání_obyvatelstva_2011,_598356_Kunčice_pod_Ondřejníkem,_věková_struktura.svg	[<Kunčice_pod_Ondřejníkem>]
68499783	KMB_KL9327_276.jpg	[<wikicat_Kowloon_Motor_Bus_routes>]
74292014	Tree_with_Lights,_Confederation_Centre_of_the_Arts_(3353640742).jpg	[<Charlottetown>]
14169059	Mallard_ducklings_-_geograph.org.uk_-_1428037.jpg	[<Yelverton,_Norfolk>]
66275133	Parietaria_judaica_sl20.jpg	[<Floridsdorf>]
49966709	Ausblick_vom_Kloster_Piona_nach_Gravedona.jpg	[<Gravedona>, <Lake_Como>]
11127975	Plouyé_11_Chapelle_Saint-Mathurin.JPG	[<Plouyé>]
56403835	Itupeva_-_panoramio_(855).jpg	[<Itupeva>]
9386870	OverviewTajin1.JPG	[<El_Tajín>]
64523599	171125_Kobe_Municipal_Forest_Botanical_Garden01s.jpg	[<Kobe_Municipal_Arboretum>]
3544395	Coat_of_arms_of_the_House_of_Gonzaga_(1627).svg	[<Montferrat>, <Byzantium>, <Jerusalem>, <Saxony>, <Eastern_Roman_empire>, <Bohemia>, <Cleves>]
69343549	Fischer_Hafen_Kappeln_01.jpg	[<Kappeln>]
58640546	Fujairah_to_Khor_Faqan_road_UAE_-_panoramio_(27).jpg	[<Fujairah>]
6347876	DW120_Gryfino-Mescherin.JPG	[<Gmina_Gryfino>, <Gryfino>]
13508393	St._John's_Church_-_geograph.org.uk_-_829055.jpg	[<Cardiff_city_centre>]
40512416	Cavalry_troops_prepare_for_1,400-mile_Californian_journey_140114-A-HL390-086.jpg	[<Fort_Hood,_Texas>]
68465459	Manneken_Pis_van_Koksijde_20-04-2018_12-17-59.jpg	[<Koksijde>]
40886033	Always_Ready,_15th_MEU_Marines_prepare_for_amphibious_assault_150418-M-NA953-014.jpg	[<Marine_Corps_Base_Camp_Pendleton>]
22744259	Bolzano-Bozen_Central_Area.png	[<Bolzano>]
19456272	Theater_Quarter_in_Delos_02.jpg	[<Archaeological_site>]
20464659	0_Amiens_-_Cathédrale_Notre-Dame_(3).JPG	[<Base_Mérimée>]
57823401	Serra_da_Estrela_(22412664240).jpg	[<Serra_da_Estrela>]
60325506	Sheik_Hamed_al-Nil_Tomb_(34680410936).jpg	[<2017_in_Sudan>]
34528493	SOUTH_ELEVATION_FROM_SOUTHEAST_-_U._S._Courthouse_and_Post_Office,_Fourth_and_State_Streets,_La_Crosse,_La_Crosse_County,_WI_HABS_WIS,32-LACR,1-7.tif	[<La_Crosse,_Wisconsin>]
56468167	Nature_reserve_near_Aare_river,_Oltigen_BE_-_panoramio.jpg	[<Golaten>]
59974364	Vila_Arens-Vila_Progresso,_Jundiaí_-_SP,_Brazil_-_panoramio_(21).jpg	[<Jundiaí>]
54787247	Iznang_-_panoramio.jpg	[<Konstanz>]
50258912	Gellért_Hill,_iron_gate_2016_Budapest.jpg	[<Iron_Gates>, <Gellért_Hill>]
16844104	Prolog_stasjon_II_-_Olsborg_20_moh.png	[<Olsborg>]
9329697	Erratics_in_Cwm_Glas_Mawr_-_geograph.org.uk_-_224544.jpg	[<Llanberis>]
43181569	Mt._Rainier_in_Spring.jpg	[<Mount_Rainier>]
65692148	Graphite_Reactor_tour_with_speaker_Alvin_Weinberg_Oak_Ridge_National_Laboratory_Oak_Ridge_(6925569988)_(2).jpg	[<Thomas_Jefferson_National_Accelerator_Facility>]
34868859	JPinaod0078SanIldefonsofvf_03.JPG	[<San_Ildefonso,_Bulacan>]
25355595	Oberhausen_-_Rhein-Herne-Kanal_-_Steigerwald04011990_(Ripshorstbrücke)_04_ies.jpg	[<Steigerwald>]
39296444	1999-08-03_010_(Twyfelfontein).jpg	[<Twyfelfontein>]
61095409	2017-07-15_Fossil_17.jpg	[<Fossil,_Oregon>]
57326862	Osaka_Dome_-_panoramio_(6).jpg	[<Kyocera_Dome_Osaka>]
55545911	Klippitztörl_Skigebiet_mit_sechs_Liftanlagen_Blick_zum_Hohenwartgipfel_1818_m.jpg	[<Klippitztörl>]
69204910	Data_Collection_(15274595250).jpg	[<Seney_National_Wildlife_Refuge>]
74320024	Collectie_Fotocollectie_Deli_Maatschappij,_fotonummer_812_27,_Bestanddeelnr_812_27.jpg	[<Deli_Serdang_Regency>]
24782732	Vilnia,_Ludvisarskaja._Вільня,_Людвісарская_(M._Januševič,_1854).jpg	[<Vilnius>]
14427223	River_Tees_-_geograph.org.uk_-_1709572.jpg	[<River_Tees>]
29955597	Gradski_stadion_Lapad.JPG	[<Lapad>]
50445602	Market_Street_Station,_parking_garage,_1C.jpg	[<wikicat_Transit_centers_in_the_United_States>, <Union_Station,_Denver_(neighborhood)>]
37624565	Kříž_u_polní_cesty_k_přírodní_rezervaci_Kněží_hora,_Krumsín,_okres_Prostějov.jpg	[<Krumsín>]
42813686	Scott_McLaughlin_race_preparation_2015_Sydney.JPG	[<Eastern_Creek_Raceway>]
56780020	Native_Prairie_Town_Creek_Indian_Mount_Heritage_Site_NC_5273_(16328219210).jpg	[<Town_Creek_Indian_Mound>]
13450879	Quaker_Gardens_off_Bunhill_Row_-_geograph.org.uk_-_776429.jpg	[<Bunhill_Fields>]
33753978	HEALTH_CENTER_OFFICE_INTERIOR_ROOM,_LIGHT_FIXTURES,_DOORS,_AND_TRANSOMS._-_Lancaster_County_Center,_Health_Center_Office,_4845_Cedar_Avenue,_Lancaster,_Los_Angeles_County,_CA_HABS_CAL,19-LANC,1A-4.tif	[<History_of_Lancaster,_California>]
57075634	微笑_Smiling_-_panoramio.jpg	[<Guilin>]
30924954	Canadian_National_&quot;Gatineau&quot;_(4594376892).jpg	[<Gatineau>]
19104784	Rua_Pinheiro_Machado,_Laranjeiras_(15).jpg	[<Laranjeiras>]
1318789	Map_of_Cape_May_County_highlighting_Cape_May_City.png	[<Cape_May,_New_Jersey>]
53193150	宋埠玉阁北面_-_panoramio.jpg	[<Macheng>]
32028507	Roadway_on_Railway.jpg	[<Lisle,_Illinois>]
60122107	Kungsleden_photosphere_-_panoramio.jpg	[<Kiruna_Municipality>]
23291102	ST._MARY'S_ACADEMY.jpg	[<National_Register_of_Historic_Places>]
6187253	Starr_991016-1139_Cyperus_laevigatus.jpg	[<Kealia_Pond_National_Wildlife_Refuge>]
29653133	Headless.jpeg	[<Episcopal_Cemetery>]
19730150	Jehovaszeugen-bethelselters-rota1991.jpg	[<Niederselters>]
11269341	HMS_Surprise_(replica_ship)_port_side_4.JPG	[<Maritime_Museum_of_San_Diego>]
32189065	CerámicaChinaBlancaYAzulDinastíaMingMuseoNaval.jpg	[<Madrid>]
34279459	Historic_American_Buildings_Survey,_May_1965,_GENERAL_EXTERIOR_VIEW_FROM_SOUTHEAST._-_St._Louis_Roman_Catholic_Church,_Main_and_Edward_Streets,_Buffalo,_Erie_County,_NY_HABS_NY,15-BUF,7-1.tif	[<Allentown,_Buffalo,_New_York>]
33807392	Regimin_(gmina)_location_map.png	[<Gmina_Regimin>]
52981041	Twin_Peaks_-_panoramio.jpg	[<Cassia_County,_Idaho>]
72555243	Coire_Etchachan_Shelter_(Mar_Lodge_Estate)_(22JUL09)_(01).jpg	[<Mar_Lodge_Estate>]
18551555	Szeged_19-es_trolibusz_Hont_Ferenc_utca_2012-03-01.JPG	[<Szeged>]
13032725	Start_of_the_Eddisbury_Way_-_geograph.org.uk_-_507161.jpg	[<Frodsham>]
41182997	Shops_on_The_Crescent_opposite_Homebush_Station_June_2015.jpg	[<Homebush,_New_South_Wales>]
46122686	Naturalis_Biodiversity_Center_-_RMNH.AVES.21421_1_-_Corvus_corone_corone_Linnaeus,_1758_-_Corvidae_-_bird_skin_specimen.jpeg	[<Corone>]
53066582	®_MADRID_CALLE_DE_LA_SAL_ARTECTURA_-_panoramio.jpg	[<Madrid>]
59448352	Lac_sous_les_rayons_du_soleil_-_mai_2017.jpg	[<Réserve_naturelle_régionale_du_Héron>]
48819894	Rowhouses_(4762390415).jpg	[<Covington,_Kentucky>]
26811966	Fallbach_mit_Hirzer.jpg	[<Absam>, <Tiroler_Mittelgebirge>]
62044372	Innenheim_rGénDeGaulle_16.JPG	[<Innenheim>]
307806	A2_Grafenstein_Völkermarkt_Ost_Sommer_2004.jpg	[<Grafenstein>]
2369950	De_Alemannia_XXII_155.jpg	[<Alemannia>]
3663463	KarelGSS.png	[<Holy_Roman_Empire>, <wikicat_Former_countries>]
60045133	AIDAdiva_Kreuzfahrt_Mittelmeer_2012_(218).jpg	[<Marmaris>]
13007745	Greyfriars_Oast,_Redlands_Lane,_Salehurst_-_geograph.org.uk_-_481537.jpg	[<Robertsbridge>, <Salehurst>]
23668966	B-Sattel-Kapelle-Ecce-Homo.jpg	[<Sattel,_Switzerland>]
12328658	Chalbury_Farm_-_geograph.org.uk_-_293957.jpg	[<Chalbury>]
13093611	Blocked_lane_to_Houghton_Lodge_-_geograph.org.uk_-_565621.jpg	[<Barnsley>]
70767976	USAID's_representative,_Ms._Kanwal_talking_to_Media_at_Dawn_Sarsabz_Pakistan_Agri_Expo._(13163933154).jpg	[<Pakistan>]
51451245	Kiel_fjord.jpg	[<wikicat_Municipalities_in_Schleswig-Holstein>]
31891208	Hudou_Bypass,_Wakayama01.JPG	[<Kitayama,_Wakayama>]
13141769	Churchside_Cottage_-_geograph.org.uk_-_607986.jpg	[<Rotherham>, <Thorpe_Salvin>]
37940814	Sacadat_-_Railroad_-_panoramio.jpg	[<Săcădat,_Mureș>]
56725307	View_from_the_Cabane_de_la_Videmanette_-_panoramio_(3).jpg	[<Rougemont,_Switzerland>]
19692440	Bergslagssafari_Uppland_2012_05_Brunna_gruvor_2.jpg	[<Uppsala_Municipality>]
45066852	Porto_IMG_2484_(17058362591).jpg	[<Porto>]
52898459	Snowbanks_more_than_1,5_m_in_height_(-25cm_last_night,_later_expecting_more)_-_panoramio.jpg	[<Bieriņi>]
53677750	Myślęcinek_-_widok_z_skarpy_przy_ul_Mrągowskiej_-_panoramio.jpg	[<Bydgoszcz>, <Myślęcinek>]
71086154	Poprad_Gdańsk_DSC02876.JPG	[<Poprad>]
13975360	Farm_track_-_geograph.org.uk_-_1259359.jpg	[<Flixborough>]
47886149	Balinese_woman_with_offering,_Know_Indonesia..._Know_Your_Friend,_p3.jpg	[<Indonesia>]
55692801	Filo_and_the_Wii020_-_Flickr_-_GregTheBusker.jpg	[<Santa_Clara,_California>]
20494343	Père-Lachaise_-_Division_85_-_Cousté_02.jpg	[<Base_Mérimée>, <Père-Lachaise_Cemetery>, <Monuments_historiques>]
50566880	Farm_in_Longwood_Wisconsin_near_Owen,_Withee_and_Greenwood_in_Clark_County_-_panoramio_-_notmuch69_(4).jpg	[<wikicat_Farms_in_Wisconsin>, <Longwood,_Wisconsin>]
13043443	Shooting_cabin_at_Blackburn_Head_-_geograph.org.uk_-_511833.jpg	[<Hunstanworth>, <Townfield>]
58047719	Port_Douglas_QLD_4877,_Australia_-_panoramio_(7).jpg	[<Queensland>, <Port_Douglas>]
71297542	Eglise_St_Ronan-Plaque_commemorative.jpg	[<Molène>]
18297071	Giorcesmarsiglia2.JPG	[<Marseille>]
10903119	Coat_of_arms_of_Lith.svg	[<Lith>]
34001371	Hauptstr_56-Weißig-FTL.jpg	[<Weißig_(Freital)>]
556908	Natureza_Exuberante_D_Aquino.jpg	[<Dom_Aquino>]
17099309	TESTING_A_NEW_CAR_IN_THE_EVAPORATIVE_EMISSION_ENCLOSURE_OF_EPA'S_ANN_ARBOR_MOTOR_VEHICLE_EMISSION_LABORATORY_-_NARA_-_549691.jpg	[<United_States>]
1497954	San_Sebastian_de_la_Gomera.jpg	[<San_Sebastián_de_La_Gomera>, <Teide>]
61325793	Khybalivka_DSCN2161_08_хата.jpg	[<Populated_Place>]
60554825	Pennsylvania_Beauty_-_panoramio_(274).jpg	[<Blair_County,_Pennsylvania>]
63782008	P1200161_(2264097044).jpg	[<Robstown,_Texas>]
58719673	Kolkas_pagasts,_Dundagas_novads,_Latvia_-_panoramio_(16).jpg	[<Kolka,_Latvia>]
37932019	VIEW_FROM_SOUTH,_SHOWING_LEAK_-_Fruitland_Irrigation_Project,_Yellowman_Siphon,_Nenahwezad_Chapter_House_Vicinity,_Fruitland,_San_Juan_County,_NM_HAER_NM,23-FRUL.V,1A-4.tif	[<San_Juan_County,_New_Mexico>]
13151836	Birds_of_a_feather_-_geograph.org.uk_-_613048.jpg	[<Longton,_Lancashire>]
53258218	Hyde_Road,_Gorton_-_panoramio_(1).jpg	[<Gorton>]
66509655	Merley_House_Wimborne.jpg	[<Merley>]
819233	FrognerPlassOslo.jpg	[<Frogner>]
53264952	Beautiful_River_Delfard_-_panoramio_(2).jpg	[<Jiroft>]
22937216	Oznaka_TPC_Parencana_Sečovlje.jpg	[<Portorož>]
57607796	Baton_Rouge,_Louisiana_-_panoramio_(64).jpg	[<Baton_Rouge,_Louisiana>]
58000020	Jacinto_Aráuz,_La_Pampa_Province,_Argentina_-_panoramio_(7).jpg	[<La_Pampa_Province>]
23797512	Hawthorn_in_flower_on_Smeardon_Down.jpg	[<Peter_Tavy>]
54221679	Paratroopers_dig_into_defensive_positions_160623-A-YM156-033.jpg	[<Fort_Bragg>]
67568177	The_fox._DSC_8697_(33705836913).jpg	[<Pelegrina>]
38070614	Horrem_Bahnhof_Kombibahnsteig.JPG	[<Horrem>]
60832864	Formosa_-_State_of_Goiás,_Brazil_-_panoramio_(3).jpg	[<Formosa_(Goiás)>]
21648391	Sabadell_Torre_Gorina_1.JPG	[<Gorina>]
55398428	Все,_что_осталось_от_деревни_-_panoramio.jpg	[<Daugavpils_Municipality>]
11402222	Maikammer_Hambacher_Schloss.jpg	[<Maikammer>]
47688381	Beach_north_of_Rock_(1553).jpg	[<St_Minver_Lowlands>]
33396062	Omaha_Beach_-_WN_60_2.JPG	[<Atlantic_Wall>, <Colleville-sur-Mer>]
48477162	Apsua_TV_Logo.jpg	[<Abkhazia>]
21259296	Палладиев_мост_1.JPG	[<Marble_Bridge>]
27011247	Turkana_location_map.png	[<Turkana_County>]
28145431	Ciechanów,_zamek,ob.Muzeum_Szlachty_Mazowieckiej.JPG	[<Ciechanów_Castle>]
57222054	Atakora-Ruche_en_argile_(1).jpg	[<Atakora_Department>]
20049356	Naturpark_Trudner_Horn.JPG	[<Naturpark_Trudner_Horn>]
53166470	Igreja_São_Luís_Gonzaga.jpg	[<Mello>, <Avenida_Paulista>]
57696759	Social_sofa_Velsen-Noord_02.jpg	[<Velsen-Noord>]
35632392	Tyska_kyrkan_från_luften.jpg	[<Stockholm>]
22222444	Gęsiniec,_Gajowa_14_-_fotopolska.eu_(159037).jpg	[<Gęsiniec>]
54452698	Guédelon_-_steenkapper_29-10-2016_14-07-54.JPG	[<Guédelon>]
21847808	WatchTower-1.jpg	[<National_Register_of_Historic_Places>]
51534690	Harish_Chandra_Dighi-6.jpg	[<Archaeological_site>]
73595755	PauletteJordanIF6.jpg	[<Idaho_Falls,_Idaho>]
32496266	Altenberg_Glockenturm.jpg	[<St._Andrä-Wördern>]
59064067	Zona_Centro,_Ensenada,_B.C.,_Mexico_-_panoramio_(1).jpg	[<wikicat_Populated_places_in_Baja_California>, <Ensenada_Municipality>]
36787775	15-08-14-Tallinn-RalfR-051.jpg	[<wikicat_Squares_in_Tallinn>, <Old_town>]
73336388	آجرچینی_های_دوره_های_مختلف_تاریخی_در_کاروانسرای_دیر_گچین_(36).jpg	[<Qom_Province>]
3017857	Verzuolo-IMG_1187.JPG	[<Verzuolo>]
33635134	Gfp-indiana-prophetstown-state-park-sunset-over-farm.jpg	[<Prophetstown_State_Park>]
44938490	Breendonk-memorial_1.jpg	[<Breendonk>]
27574550	Mazerolles_86_-_Église_Saint-Romain_03.JPG	[<Base_Mérimée>, <Monuments_historiques>]
45431139	Instituto_Ricardo_Brennand_-_09078_(2668376413).jpg	[<Instituto_Ricardo_Brennand>]
73878023	Hudson_River_Park_td_(2018-04-03)_05_-_Holland_Tunnel_Pier_34.jpg	[<North_River_(Hudson_River)>, <Hudson_River_Park>]
31162780	Peace_Now_Price_Tag_310114_006..jpg	[<Price_tag_policy>, <Mateh_Binyamin_Regional_Council>]
7894817	70-72_Monroe_Avenue_Detroit_MI.jpg	[<National_Register_of_Historic_Places>, <Historic_district>]
21526533	Console_Oudegracht_395.jpg	[<Utrecht>, <Oudegracht>]
12505008	Baremailing_-_geograph.org.uk_-_333504.jpg	[<Beith>]
1457195	Knidos_05831-05844.jpg	[<Knidos>]
14594941	Poultry_houses_and_silos_beside_Mill_Road_-_geograph.org.uk_-_1780420.jpg	[<Brockdish>]
32614933	2012-05_Żarka_nad_Nysą_08.jpg	[<Żarka_nad_Nysą>]
74701171	Belgrade_13970218_09.jpg	[<Belgrade>]
14487508	Scots_Float_Lock_-_geograph.org.uk_-_1754319.jpg	[<Playden>]
20102989	День_открытых_дверей_на_ТАНТК_им._Г._М._Бериева_(6).jpg	[<Taganrog>]
70971314	Rosa_Merkury_2000_2018-07-16_6568.jpg	[<Red_Roses>]
27323233	Р.Куру-Узень_2.JPG	[<Great_Canyon>]
49645234	CH-NB-Souvenir_de_la_Suisse-19304-page016.tif	[<Suisse>]
67715719	Langkampfen_1.jpg	[<Bezirk_Kufstein>, <Unterinntal>]
53601154	The_Bordeaux_University_Lake_-_panoramio.jpg	[<Talence>]
72601510	Schloss_Weikersdorf_,_Bild_10.jpg	[<Schloss_Weikersdorf>]
72493243	SZ_深圳_Shenzhen_Bus_view_August_2018_SSG_51.jpg	[<Shenzhen>]
4097525	Oberamt_Göppingen_124.png	[<Göppingen>]
27412552	13-07-23-kienbaum-kanu-274.jpg	[<Kienbaum>]
57921471	University_Club_Tower_^_Northwestern_Mutual_Tower_-_panoramio.jpg	[<Milwaukee,_Wisconsin>]
16180131	Saare_nina_vaateplatvorm.jpg	[<Suuresadama>]
61752235	Hirschhorn_(Neckar),_Stadtmauer,_Blauer_Turm,_An_der_Stadtmauer_1_20170602_001.jpg	[<Hirschhorn_(Neckar)>]
64687490	Père-Lachaise_-_Division_95_-_Rossel-Devienne_02.jpg	[<Père-Lachaise_Cemetery>]
26120329	Шклоў._Абеліск_воінам-інтэрнацыяналістам.JPG	[<Škloŭ>]
45325313	Ev._cemetary_in_Szydlowiec,_gm._Orchowo_(6).JPG	[<Szydłowiec,_Greater_Poland_Voivodeship>]
17900599	084PadovaPratoDellaValle.JPG	[<Prato_della_Valle>]
33925561	Liblar-römische-Keramikscherben.JPG	[<Erftstadt>]
72698412	BASA-3K-7-530-15-Service_Anthropometrique,_Institut_Medico-Legal,_Bucarest.JPG	[<Romania>]
57510236	桜の木がある古民家2014_-_panoramio.jpg	[<Ibigawa,_Gifu>]
41857962	Tordesilos_06.JPG	[<Tordesilos>]
37238092	Melkmarkt_Zwolle_04.JPG	[<Zwolle>]
71727734	Altötting_2015_024.jpg	[<Altötting>]
12008704	Nuth-Stationstraat_191_(4).JPG	[<Nuth>]
73360078	6510D_-_01,_Acervo_do_Museu_Paulista_da_USP.jpg	[<wikicat_Studios>]
55052879	Rhodes,_Greece_-_panoramio_(33).jpg	[<Palace_of_the_Grand_Master_of_the_Knights_of_Rhodes>]
58672226	Cruet_stand_MET_DP216650.jpg	[<Lewis>]
14347682	Dryden_Street_-_Main_Street_-_geograph.org.uk_-_1595885.jpg	[<Bingley>]
47328898	Entrevista_en_la_Radio_de_la_Asamblea_Nacional_(6338698780).jpg	[<Ecuador>]
48981696	05_На_плотине_Иркутской_ГЭС.jpg	[<Irkutsk>]
66526027	Timna_in_de_Negevwoestijn_het_terrein_van_de_kopermijnen_met_enkele_hallen_en_o,_Bestanddeelnr_255-3658.jpg	[<Timna>]
53492900	Курская_окружная._(Исм.Альберт)_-_panoramio_(2).jpg	[<Kursk_Oblast>]
35516117	Central_High_School_-_02_-_Front_Close.png	[<Tulsa_Public_Schools>]
61089839	Baker_County_Health_Center.jpg	[<Newton,_Georgia>]
52998278	Social_sofa_Marknesse_(3).jpg	[<Marknesse>]
24656961	Horningsham_-_Bristol_1257_DAE511K.JPG	[<Horningsham>]
13413908	Kissing_gate_at_the_path_junction_where_the_summit_path_is_joined_by_a_path_from_the_north_-_geograph.org.uk_-_748329.jpg	[<Amlwch>]
58578053	Moor_im_Fürstenwalder_Stadtluch.jpg	[<Spreenhagen>, <Nature_reserve>]
47219151	Vadkov_-_čp._6.JPG	[<wikicat_Villages_in_Prachatice_District>, <Lhenice>]
14156409	Maria_Steinbach_außen_05.jpg	[<Oberschwäbische_Barockstraße>]
32906532	Lechería,_Estado_Anzoátegui,_Venezuela_328.JPG	[<Diego_Bautista_Urbaneja_Municipality>, <wikicat_Cities_in_Venezuela>]
66759142	2134Hermosa_Samal_Orani_National_Road,_Bataan_44.jpg	[<National_Road>]
62754694	102_Passeig_del_Taulat,_Diagonal_Mar,_edificis_Illa_del_Llac,_al_fons_els_hotels_Princess_i_Hilton.jpg	[<Diagonal_Mar_i_el_Front_Marítim_del_Poblenou>]
13444368	Alexanders_and_wallflowers,_California_-_geograph.org.uk_-_771727.jpg	[<California,_Norfolk>]
38430015	Nothum_Panorama_01.jpg	[<Nothum>, <Diekirch_District>]
34150672	Möhnesee_Hevearm_FFSN-7766.jpg	[<Möhnesee>, <Nature_reserve>, <Sauerland>]
53779377	Grand_Prismatic_Pool_and_Excelsior_Geyser_Crater_(greg-willis.com)_-_panoramio.jpg	[<Grand_Prismatic_Spring>]
41692679	2015-07-12-Amriswil_(Foto_Dietrich_Michael_Weidmann)_(86).JPG	[<Sommeri>]
49872149	Aethiopen._a-d._Naga_(Naqa)._(a-c.)Tempel_d_,_Dritter_Eingang,_Vorderseite_und_Leibung_,_(d.)_Tempel_f,_Nische;_e.f._Wadi_E'_Temêd._(e.)_Innere_Nordwestwand,_(f.)_Aeussere_Südwestwand_(NYPL_b14291191-44216).jpg	[<Naqa>]
69906030	Rock_Hill_City_Hall_and_Chop_Suey_(4918010239).jpg	[<Rock_Hill,_Missouri>]
59822797	Sydney_NSW_2000,_Australia_-_panoramio_(388).jpg	[<Sydney>]
21163948	Linz,_Burg_Ockenfels_007-.jpg	[<Burg_Ockenfels>]
73514211	ENTREVISTA_EN_CANAL_RTS,_GUAYAQUIL_09_OCTUBREBRE_DE_2018_(45210090581).jpg	[<Ecuador>]
14407187	Lydney_Canal,_1992_-_geograph.org.uk_-_1656072.jpg	[<Lydney_Canal>]
14070985	Track_to_Danebury_Manor_-_geograph.org.uk_-_1331104.jpg	[<Fordon,_East_Riding_of_Yorkshire>]
20067310	18_Korrigan.JPG	[<Pommerit-le-Vicomte>]
22004732	Tussenhausen_-_St._Martin_-_Apostel_Langhaus_(6).JPG	[<St._Martin>]
13742507	Winspit_with_Durlston_Head_in_the_distance_-_geograph.org.uk_-_1037912.jpg	[<Worth_Matravers>]
10792345	Chris_Isaak._Xardíns_do_Posío,_Ourense.jpg	[<Ourense>]
53405552	Heide_26.03.2016_12-20-02.jpg	[<Heide_(Holstein)>]
45110389	O'Connell_Monument_Denkmal_Dublin_(22284547778).jpg	[<O'Connell_monument>]
71545679	Thamewali_.jpg	[<Mianwali_District>]
443697	Pocillo_Baelo.jpg	[<Baelo_Claudia>]
50630571	Plovdiv_from_space.jpg	[<Plovdiv>]
14412615	Walking_on_Alt_Common_-_geograph.org.uk_-_1657019.jpg	[<Clifford,_Herefordshire>]
34924250	La_Chapelle-sur-Oreuse-FR-89-panneau_d'agglomération-01.jpg	[<La_Chapelle-sur-Oreuse>]
60220156	2_Chome_Higashikaiganminami,_Chigasaki-shi,_Kanagawa-ken_253-0054,_Japan_-_panoramio.jpg	[<Chigasaki,_Kanagawa>]
66552434	Prinses_Beatrix_opent_Madurodam,_Bestanddeelnr_905-1986.jpg	[<Madurodam>]
7249574	Date_tree,_in_Dr._Peck's_garden,_from_Robert_N._Dennis_collection_of_stereoscopic_views_2.png	[<Agriculture_in_Florida>]
63520144	Ij,_Zeeburg,_Amsterdam_(26005887340).jpg	[<Amsterdam>]
65988544	De_Jong_Deli_P1120753.jpg	[<Teteringen>]
57915908	DSC4283_HDR_-_panoramio.jpg	[<Grand_Canyon>]
25677730	Зимовий_день_в_Великій_Кручі.jpg	[<Heritage_site>, <Nature_park>]
39182460	Contraband_140725-A-AB123-001.jpg	[<Bagram_air_base>]
67897612	Sabres_(13317846435).jpg	[<KeyBank_Center>]
1547310	Huaca_del_Sol_jt02.jpg	[<Huaca_del_Sol>]
43170697	La_Romieu_(32)_Ensemble_collégial_Cloître_15.JPG	[<Base_Mérimée>]
58884908	Footpath_to_Wickham_St._Paul_(geograph_3792500).jpg	[<Wickham_St._Paul>]
41378615	Waldweier.jpg	[<Thalwil>]
57706431	Göttingen_Pfarrhof_2010.jpg	[<Langenau>]
41941664	Caminha-Soportais012_(5326535490).jpg	[<Caminha>]
54072155	Ribaroja_d'Ebre_des_del_mirador_de_la_Fatarella_-_panoramio.jpg	[<Comarca>]
48009318	Brakel,_Sinnspruch_der_Meyerei_Am_Thy_-_panoramio.jpg	[<Brakel,_Germany>]
72251558	Forte_dos_Andradas_2018_095.jpg	[<Andradas>]
17707196	PalmachimDSCN2888.JPG	[<Palmachim>]
26134427	Europaschutzgebiet_niederstuttern5144.JPG	[<Stainach-Pürgg>]
12861996	Eglise_de_Saint-Pantaléon_09.JPG	[<Saint-Pantaléon_(Vaucluse)>, <Base_Mérimée>, <Monuments_historiques>]
13008959	Schloßplatz_Dresden,_Beginn_Augustusstraße_mit_Fürstenzug,_2007.jpg	[<Dresden>]
9134637	Sainsbury's,_Sittingbourne_-_geograph.org.uk_-_22318.jpg	[<Sittingbourne>]
21596530	Poblat_de_Biniparratxet_(Sant_Lluís)_-_1.jpg	[<Archaeological_site>]
14097253	Lake_Field_-_geograph.org.uk_-_1361760.jpg	[<Battle,_East_Sussex>]
58639313	Ljubljana_20160403_134928_(26116407742).jpg	[<Ljubljana>]
72623394	County_Galway_-_Séipéal_Réalt_na_Mara_-_20180903103959.jpg	[<Portumna>]
48570665	Grand_Ducal_Palace_(Luxembourg)_005.JPG	[<Grand_Ducal_Palace>]
9148779	Farmland_alongside_Bescaby_Oaks_-_geograph.org.uk_-_33219.jpg	[<Saltby>]
34757203	Respaldo_Multitudinario_a_la_Revolución_Ciudadana_(6860937848).jpg	[<Ecuador>]
41810331	Nulvi_-_Costume_tradizionale_(14).JPG	[<Nulvi>]
59543029	TORKU_ARENA_-_panoramio.jpg	[<Torku_Arena>, <Konya>]
69182114	Batad_(3299829304).jpg	[<Luzon>]
4752975	Eglise_et_cloitre_Saint_Saturnin_Blois.jpg	[<Blois>, <Loire_River>]
27435110	Der_hryshky_gerb.png	[<Derazhnia_Raion>]
59644078	Bergen,_Norway_-_panoramio_(50).jpg	[<Bergen,_Norway>]
53993690	Marabá_-_Pará_-_panoramio_(44).jpg	[<Marabá>]
56299874	Дорога_недалеко_от_п.Рыж,_начало_мая_2013_-_panoramio.jpg	[<Perm_Krai>]
45297929	04433jfPoblacion_Bonifacio_Taloy_Pedro_San_Carlos_Pangasinanfvf_28.JPG	[<Barangay>]
38953787	Pacific_Partnership_2011_110703-F-HJ603-112.jpg	[<Federated_States_of_Micronesia>]
65659793	Boulogne-sur-Mer_-_Ville_Haute_-_Rampart_of_Fortifications_-_View_SSW_on_Boulevard_du_Prince_Albert.jpg	[<Boulogne-sur-Mer>]
36812330	OH41-284A_(3)_-_H41OFL_-_20599999_-_RCE.jpg	[<Swifterbant>]
55357003	Weihnachtsgänse_-_panoramio.jpg	[<Aidlingen>]
27358502	Columns_and_straws_with_cave_popcorn_in_Ruakuri_Cave.jpg	[<Ruakuri_Cave>]
33786470	Straden_9037.JPG	[<Straden>]
72105852	Filder_Pokal_2018-06-30_WK_4_Finale_070.jpg	[<Ostfildern>]
3578109	Lion_Rock_3.jpg	[<Lion_Rock>]
62682470	Maison_Bourgoin_1.jpg	[<Bourgoin>]
33356785	2014-05-20-Yverdon_(Foto_Dietrich_Michael_Weidmann)_285.JPG	[<Montcherand>]
53347288	Carina_Wenninger_BL_FCB_gg._1._FFC_Frankfurt_Muenchen-2.jpg	[<Städtisches_Stadion_an_der_Grünwalder_Straße>]
25953736	Hököpinge_2012.jpg	[<Hököpinge>]
69573723	Schuppenberg_vO.jpg	[<Wangen_im_Allgäu>]
28529151	Chapelle_de_la_Trinité_(Plumergat)_4543.JPG	[<Base_Mérimée>]
52741539	Ekasup_Cultural_Village_(16123306403).jpg	[<Port_Vila>]
3142758	Gotland-Bro_Kyrka_Außen_03.jpg	[<Gotland>]
10289488	Persepolis_shiraz_iran.jpg	[<Gate_of_All_Nations>]
34111642	July,_1970_SOUTHEAST_ELEVATION_-_Benjamin_Swift_House,_29_India_Street,_Nantucket,_Nantucket_County,_MA_HABS_MASS,10-NANT,75I-1.tif	[<History_of_Nantucket>]
13727874	Sherenden_Lane,_Marden_Thorn_-_geograph.org.uk_-_1023721.jpg	[<Marden_Thorn>]
3684083	Roesterkopf-anlage.jpg	[<Osburg>]
9493438	Armazi.jpg	[<Armazi>]
71444061	Haiden_of_Oyamazumi_Shrine_2.jpg	[<Ōmishima>, <Japan>, <Iyo_Province>]
59108029	Paderborn_-_2016-07-25_-_Tallesee_(04).jpg	[<Schloß_Neuhaus>]
65012102	8025_CTB_A10_24-12-2017.jpg	[<Hong_Kong>]
9358438	Three_Fish_Bench_-_geograph.org.uk_-_239869.jpg	[<Barnard_Castle>]
18656808	MercatPuigcerdà.jpg	[<Urban_square>]
53060667	Bilik_Kubur_Batu,_Komplek_Megalitik_Gunung_Megang_-_panoramio.jpg	[<Megang>]
27860177	Berlin-Steglitz_Harry-Bresslau-Park_Findling_am_nördlichen_Eingang.JPG	[<Harry-Bresslau-Park>]
59538794	09831jfMambog_Malolos_City_Pitpitan_Bulacan_Welcome_Roadfvf_06.jpg	[<Malolos_City,_Bulacan>]
68326470	Ordnance_Survey_Quarter-inch_sheet_2_North_West_Scotland,_published_1962.jpg	[<Harris,_Outer_Hebrides>, <Cape_Wrath>, <Isle_of_Lewis>, <Ullapool>, <North_Uist>, <Loch_Torridon>]
43949495	Merry-Sec-FR-89-mairie-1.jpg	[<Merry-Sec>]
70606357	Michelbach_Kropfsdorf_ca._1950.jpg	[<Lower_Austria>]
35615914	JfBambangSulucanAntipona9612Bocauefvf_04.JPG	[<Bocaue,_Bulacan>]
16863241	Changing_shifts_at_the_mine_portal_in_the_afternoon._Inland_Steel_Company,_Wheelwright_^1_&amp;_2_Mines,_Wheelwright..._-_NARA_-_541450.tif	[<Wheelwright,_Kentucky>]
16809520	Robertmatzkeste12_dresden.jpg	[<Dresden>]
56485029	23_-_panoramio_(3).jpg	[<Preiļi_Municipality>]
1941717	Praha,_Jinonice,_pohled_na_sídliště_Barrandov.JPG	[<Nature_reserve>, <Jinonice>]
62019110	On_17.08.2017,_day_of_Barcelona_Terrorist_Attack_-_170817-0938-jikatu.jpg	[<Plaça_de_Catalunya,_Barcelona>]
13724422	Horsebridge_-_Houses_-_geograph.org.uk_-_1028490.jpg	[<Houghton,_Hampshire>]
49738398	Frans_Halsstraat_15_Haarlem.jpg	[<Haarlem>]
29286217	WE_Tree_damage_(6096650529).jpg	[<Westmoreland_State_Park>]
67822944	Square_Alfred-Capus_neige_1.jpg	[<Garden_square>]
68833743	Social_sofa_Den_Andel_16.jpg	[<Den_Andel>]
21175790	Albaicin_2012_San_Nicolas_Sacromonte.jpg	[<Albaicín>]
22964061	USMC-100825-M-0232B-006.jpg	[<Marine_Corps_Base_Camp_Lejeune>]
9327032	Road_over_rail_-_geograph.org.uk_-_208922.jpg	[<Corsham>]
19289229	Hall-Turner_House.jpg	[<Perry_Township,_Monroe_County,_Indiana>, <wikicat_Farms_in_Indiana>]
57306925	Barangays_of_Pandi,_Bulacan_-_panoramio_(75).jpg	[<Pandi,_Bulacan>]
40158570	Cañón_de_Río_Lobos_-_Vista.JPG	[<Cañón_del_Río_Lobos_Natural_Park>]
60117532	ETH-BIB-Beringen-LBS_H1-021477.tif	[<Beringen_SH>]
66787962	AFDCM-07-056.jpg	[<Moçambique>]
23061155	FedSquare2.JPG	[<Federation_Square>]
9247226	Bowhay_farm,_Shillingford_Abbot_-_geograph.org.uk_-_155266.jpg	[<Shillingford_St._George>]
47738356	Karnak-Thebes_-_Allan_John_H_-_1843.jpg	[<Greece>]
11445602	M32tram2.JPG	[<Brunnsparken,_Gothenburg>]
14090551	The_Far_North_Railway_Line_-_geograph.org.uk_-_1358700.jpg	[<Halkirk>]
47706081	Rare_Saligramam_of_Lord_Hanuman.jpg	[<Hosur>]
21363082	Vic_esgl.Dolors_IPA39774_0374_resize.jpg	[<Vic>]
62931126	Björkö-Birka_-_KMB_-_16000300020287.jpg	[<Birka>]
52830522	Point_Reyes_View_looking_to_Golden_Gate_-_Flickr_-_brewbooks.jpg	[<Point_Reyes_Lighthouse>]
13363109	Population_-_Municipality_code_67065.svg	[<Breuschwickersheim>]
46243159	2016_Kleinopitz_Quänetal.jpg	[<Saalhausen>]
38559827	Ije_Tyl_kune._Olunnju_13_2015_(148).JPG	[<Sakha_Republic>]
27572906	Sarajevo_1987_view_from_Mount_Trebević_(4685707517).jpg	[<Sarajevo>]
9046072	Didal_SHANGLA.jpg	[<Puran_Tehsil>]
12776013	Bandeira_cupira.jpg	[<Cupira>]
52586398	Kravaře,_Kostel_svatého_Bartoloměje,_reliéf.jpg	[<Slezsko>]
40207718	Вікові_дуби_15.jpg	[<Heritage_site>]
39691173	Gartenstraße_25_Pirna_117955394.jpg	[<Pirna>]
74672017	Austrian_Future_Cup_2018-11-24_Group_1_Rotation_1_Rings_(Martin_Rulsch)_082.jpg	[<Linz>, <Vorarlberg>]
73669140	Conocybe_rugosa_(Peck)_Watling_944497.jpg	[<Colonel_Denning_State_Park>]
32813189	Freeland_Little_league_Field_in_2013_2014-05-16_16-40.jpg	[<Freeland,_Pennsylvania>]
53464516	南京双桥门小街_-_panoramio.jpg	[<Nanjing>]
21580459	Wald_Klosterkirche_Votivtafel_Maria_vom_guten_Rat_02.jpg	[<Abbey_Wood>]
60152427	Vista_das_Prateleiras.jpg	[<Itatiaia_National_Park>]
1343956	Toma_Vieja_Paraná1.JPG	[<Paraná,_Entre_Ríos>]
50566395	Ujazdów,_Warszawa,_Poland_-_panoramio_-_Arek_N._(1).jpg	[<Łazienki_Park>]
18439457	Neutral_Buoyancy_Simulator_Gantt_chart_March_1967.png	[<Neutral_Buoyancy_Space_Simulator>]
51521239	Саранск,_Советская_улица,_30.jpg	[<Saransk>]
62889264	Mdina-Rabat_whereabouts_13.jpg	[<Rabat>]
58623907	Huegelsheim-Spargelfeld-10-gje.jpg	[<Hügelsheim>]
45267003	Faleia.jpg	[<Faleia>]
1836959	Sun_rise_chitou.jpg	[<Lugu_Township>]
64214633	Iron_Mountain_Mark_Gorzynski_IMG_2078.jpg	[<Oregon>, <Pacific_Northwest>]
73236346	Hobbemaplein_The_Hague.jpg	[<The_Hague>]
13366916	Canning_Town_Jubilee_Line_platform_-_geograph.org.uk_-_701691.jpg	[<Canning_Town_station>]
64587172	Tjuringa_Wall_(30760635101).jpg	[<Mount_Arapiles>]
56895288	Ittigen,_Switzerland_-_panoramio_(20).jpg	[<Ittigen>]
50435693	Trzebin05.jpg	[<wikicat_Villages_in_Greater_Poland_Voivodeship>, <Gmina_Dobrzyca>]
13763991	Turf_shed,_Errigle_-_geograph.org.uk_-_1052904.jpg	[<Garvaghey>]
54098600	Edinburgh,_UK_-_panoramio_(36).jpg	[<Pentland_Hills>]
7024937	Marbury_Merry_Days_2009_-_programme_of_events_2.jpg	[<Marbury,_Cheshire>]
11571585	Hen_Gapel_Sion_-_geograph.org.uk_-_307711.jpg	[<Coed_Talon>, <Leeswood>]
13844197	End_of_the_tarmac_-_geograph.org.uk_-_1135742.jpg	[<North_Pennines>]
17056465	Photograph_of_the_&quot;Little_White_House,&quot;_President_Truman's_vacation_quarters_at_Key_West,_Florida._-_NARA_-_200494.jpg	[<Harry_S._Truman_Little_White_House>]
12376017	StateLibQld_1_255443_Watching_the_polo_at_Toowoomba,_ca._1925.jpg	[<Toowoomba,_Queensland>]
7310091	2007-08-cesko-044.jpg	[<Smržovka>]
16047606	Thiébauménil.jpg	[<Thiébauménil>]
53646173	Keynsham_station_-_panoramio.jpg	[<Keynsham>]
58017272	Pakoštane,_Croatia_-_panoramio.jpg	[<Pakoštane>]
49624639	Vasai.jpg	[<Vasai_Creek>, <Vasai>]
56222084	Parana,_Entre_Rios,_Argentina_-_panoramio_(35).jpg	[<Paraná,_Entre_Ríos>]
48952099	0309jfCambio_Sacdalan_San_Miguel_Bulacan_Highway_Creek_Bridgefvf_09.jpg	[<San_Miguel,_Bulacan>]
66877996	Nacionalni_park_Kep_2018.jpg	[<Provinces_of_Cambodia>]
61785004	Old_Commercial_Bank_Bradford_029b.jpg	[<Bradford>]
23571504	Overzicht_-_Heeg_-_20104064_-_RCE.jpg	[<Heeg>]
29326742	Saalkreis_in_German_Democratic_Republic.svg	[<Saalkreis>]
46276696	J23_867_Bf_L-Dre_Gbf,_Weichen_51_bis_55.jpg	[<Leipzig_Hauptbahnhof>]
3516441	Memorial_park_(fields)_13s06.JPG	[<War_Memorial_Park,_Coventry>]
47827294	EditatónMujeresCientíficas1621.JPG	[<Venezuela>]
62781236	Shore_of_Newport,_RI.jpg	[<Newport,_Rhode_Island>, <Rhode_Island>]
34232814	Bandarpunch_from_Camels_Back_Uttarakhand_India.jpg	[<India>]
5004952	U_870,_Säva.jpg	[<Runestone>]
24068521	Oued_Draa.jpg	[<Draa_River>]
60710547	Informal_meeting_of_justice_and_home_affairs_ministers._Handshake_(Home_Affairs)_Andres_Anvelt_and_Valentin_Radev_(34911251284).jpg	[<Bulgaria>]
21782276	Eferding_-_Stadtplatz_9_04.jpg	[<Town_square>]
58198028	Gennes-sur-Seiche_(35)_Église_Saint-Sulpice_Façade_sud_25.jpg	[<Base_Mérimée>, <Monuments_historiques>]
47389500	River_Adur_at_Old_Shoreham.JPG	[<River_Adur>, <Shoreham-by-Sea>]
9337076	Hunter's_Lodge,_Whipsnade_-_geograph.org.uk_-_222439.jpg	[<Kensworth>]
25869139	Fortress_Cliff_sign.JPG	[<Palo_Duro_Canyon_State_Park>]
23948181	INTERIEUR,_GEWELFSCHILDERINGEN_-_Zwolle_-_20305388_-_RCE.jpg	[<Broerenkerk>]
10137099	Smithsonite-Aragonite-67809.jpg	[<Tsumeb_mine>]
21731372	Ira_Powers_Building.jpg	[<National_Register_of_Historic_Places>]
1525037	Justinian_1.jpg	[<Begun>]
46198249	AT_13763_Roof_figures_at_the_Kunsthistorisches_Museum,_Vienna-45.jpg	[<Kunsthistorisches_Museum_Wien>]
11827770	Echo_Lake,_from_Robert_N._Dennis_collection_of_stereoscopic_views_2.png	[<Franconia_Notch>]
61673767	Stellberg3.jpg	[<Herrenberg>]
69574313	Rock_River_Prairie.jpg	[<Natural_area>]
13377445	Bay_View_House_at_the_end_of_Sea_View_Terrace_-_geograph.org.uk_-_719922.jpg	[<Pistyll>, <Llithfaen>]
57595994	Kościelisko_-_panoramio_(1).jpg	[<Kościeliska>, <Gmina_Kościelisko>, <Kościelisko>]
56260139	Arrow_Sign_(11720349286).jpg	[<Wynwood_Art_District>]
63862104	Javier_Seco_Goñi._Performance_Tentar_la_Suerte_21.jpg	[<Goñi>]
54684238	Shell_Cove_NSW_2529,_Australia_-_panoramio_(26).jpg	[<Shell_Cove,_New_South_Wales>]
35174998	Autheuil_(61)_Église_Notre-Dame_Extérieur_01.JPG	[<Base_Mérimée>]
38774149	Slovakia15D1Highway20.JPG	[<Malý_Šariš>]
57583996	Alpensia_20170201_05_(32537258571).jpg	[<Alpensia_Cross-Country_Centre>]
53839108	Ko_Tapu_-_panoramio.jpg	[<Ao_Phang_Nga_National_Park>, <Takua_Thung_District>]
64977392	View_on_Mount_Tabor_from_Mount_Precipice.jpg	[<Mount_Precipice>]
54211235	Parti_av_Ciudadela_-_SMVK_-_0307.a.0117.tif	[<Teotihuacán>]
40423248	Rusk.jpg	[<Salem,_Tamil_Nadu>]
35888483	Cucurbita_maxima_Zapallito_group_-_immature_fruit_transversal_cut_with_3_placentas_-_color_3.jpg	[<Olavarría>]
54391653	Utgrävningar_i_Teotihuacan_(1932)_-_SMVK_-_0307.j.0013.tif	[<Labná>]
54909847	Channel_1_Israel_DSCN0856.JPG	[<Israel>]
4864989	TV_toranj_Sljeme.jpg	[<Medvednica>]
60104043	Garganta_la_Olla,_Cáceres,_España,_2017_16.jpg	[<Garganta_la_Olla>]
15334380	Map_of_comune_of_Poggiodomo_(province_of_Perugia,_region_Umbria,_Italy).svg	[<Poggiodomo>]
71983951	Starr-170125-6566-Argyroxiphium_sandwicense_subsp_macrocephalum-outplanting-Lava_Lake_Haleakala_National_Park-Maui_(32988561980).jpg	[<Haleakalā_National_Park>, <Haleakalā>]
27550850	Боткинское_еврейское_кладбище_-_08.JPG	[<wikicat_Cemeteries_in_Uzbekistan>]
68012629	Berlin_-_Gaerten_der_Welt_-_Empfangsbereich_(World_Gardens_-_Entrance_Area)_-_geo.hlipp.de_-_36558.jpg	[<Erholungspark_Marzahn>]
64307338	Cuzion_(Indre)_(31704967825).jpg	[<Cuzion>]
66874187	Credoveita_(3899822676).jpg	[<Trondheim>]
47778545	1820_-_Nordkorea_2015_-_Bahnfahrt_von_Pjöngjang_nach_China_(22790804130).jpg	[<wikicat_Villages_in_North_Korea>]
45303529	GUSTAVO_CAMACHO_GLEZ_-_GCO_8172_(21143492518).jpg	[<Toluca_de_Lerdo>]
43866757	Herzogin_Anna_Amalia-Bibliothek_Weimar_(10).JPG	[<Duchess_Anna_Amalia_Library>]
53992399	Jazierko_pri_Blatnickom_pamätníku_-_panoramio.jpg	[<wikicat_Villages_and_municipalities_in_Martin_District>]
13771280	Pickle_Wood_pond_in_winter_-_geograph.org.uk_-_1063167.jpg	[<Pembrokeshire>]
51836296	Blanding's_Turtle_(5863210308).jpg	[<Assabet_River_National_Wildlife_Refuge>]
1010571	Rvmt_mansion.jpg	[<National_Register_of_Historic_Places>]
38559014	Solebrunnen_-_Kolobrzeg_-_Tafelinschrift.jpg	[<Kołobrzeg>]
6207581	Ancenis_château.jpg	[<Base_Mérimée>, <Château_d'Ancenis>]
51708527	Vibeke_Krøyer,_Victor_Chr._Klæbels_fotoalbum.jpg	[<Skagen>]
59527978	If_it_is_guarded_,_it_is_certainly_on_the_very_valuable_^_perimeter_security_-_panoramio.jpg	[<Santa_Cruz_de_Tenerife>]
16817609	Prévôté_de_Restigné.jpg	[<Restigné>]
14280184	Cottages_adjoining_the_church_in_Ashby_St_Mary_-_geograph.org.uk_-_1534812.jpg	[<Ashby_St_Mary>]
53153633	Temple_protestant_de_Liège-Marcellis.gif	[<Liège>]
13675899	View_from_St_Baldred's_Cradle_-_geograph.org.uk_-_975753.jpg	[<Whitekirk>]
7969806	Statue_du_monde_-_Planoise.JPG	[<Planoise>]
73639094	Église_Sainte-Madeleine_de_Léobard_-_04.jpg	[<Léobard>]
3598577	Medic_Red_Stewart_performs_a_phlebotomy_at_a_JTF-GTMO_medical_clinic.jpg	[<Guantanamo_Bay_Detainment_Camp>]
27312357	Man's_Cape_LACMA_M.83.193.4.jpg	[<Spain>]
56302662	維多利亞港_-_panoramio_(2).jpg	[<Yau_Tsim_Mong_District>]
54365303	Bielsko-Biała._Widok_na_oś.Złote_Łany._-_panoramio.jpg	[<Bielsko-Biała>]
53777134	Colegio_Jesús_Andino._-_panoramio.jpg	[<Codegua>]
21949828	WAK_Deicheroda_03.jpg	[<Unterbreizbach>]
61656401	Eemshavencentrale_RWE_2017_01.jpg	[<Eemshaven>]
54824057	Alexandria_NSW_2015,_Australia_-_panoramio_(87).jpg	[<Alexandria,_New_South_Wales>]
32187854	Escalator_safety_(2981873162).jpg	[<Riyadh>]
29960382	Dealey_Plaza_Dallas_4.JPG	[<Dealey_Plaza>]
22040722	Jordan_Valley_012.JPG	[<Heritage_site>]
57273878	Calle_de_Oudrid.JPG	[<Madrid>]
74108724	Queen_Mary_2_ship_R02.jpg	[<Bruges>, <Zeebrugge>]
13206508	Overgrown_forest_track_-_geograph.org.uk_-_661666.jpg	[<Inverness>]
17126708	Kaiserliche_Manufaktur_Tasse_Untertasse_1799.JPG	[<Liechtenstein_collection>]
48688755	Monschau-Konzen,_Ganzmeilenstein.jpg	[<Konzen>]
62957845	Flatenbadet_-_KMB_-_16001000002797.jpg	[<Nature_reserve>]
28336047	Castle_Bran,_Brashov,_Romania_(15).JPG	[<Bran_Castle>]
13470301	Hall_Lane,_Thornhill_-_geograph.org.uk_-_797744.jpg	[<Thornhill,_West_Yorkshire>]
7489532	Original_stairway,_Independence_Hall,_by_Cremer,_James,_1821-1893.jpg	[<Independence_Hall>]
51745591	Lal_Qila_(Red_Fort)_185.jpg	[<Red_Fort>]
64698999	Green_landscape_of_Qingtiangang.jpg	[<Yangmingshan_National_Park>, <Shilin_District>]
14000256	Old_Street_-_geograph.org.uk_-_1271443.jpg	[<Chieveley>]
23544247	Overzicht_van_alle_kanten_-_'s-Gravenhage_-_20089039_-_RCE.jpg	[<Den_Haag>]
12956642	The_Tamar_Valley_from_Tutwell_-_geograph.org.uk_-_438250.jpg	[<Stoke_Climsland>]
5020823	Raps_och_kyrkan.JPG	[<Hedeskoga>]
21368300	Defense.gov_photo_essay_091005-A-0193C-013.jpg	[<Washington,_D.C.>, <Fort_Benning>]
17558388	2011-09_Olbrachcice_09.jpg	[<Albrechtice_v_Jizerských_horách>]
28340787	0_Memphis_National_Cemetery_Memphis_TN_2013-09-15_051.jpg	[<Memphis_National_Cemetery>]
4333203	Topographia_Bavariae_(Merian)_062.jpg	[<Bavaria>]
581451	Tunas-do-Parana_Parana_Brazil.gif	[<Tunas_do_Paraná>]
70287704	Upnor-Castle-29.jpg	[<Upnor_Castle>]
24576063	Eleutherna_08.jpg	[<Archaeological_site>]
72650195	G80_00993_rawDxO_redr_sEfex24.jpg	[<Château_de_Chenonceau>, <Base_Mérimée>]
73339149	3597D_-_01,_Acervo_do_Museu_Paulista_da_USP.jpg	[<wikicat_Studios>]
48177175	میدان_گاز_مسناو_-_panoramio.jpg	[<Kurdistan_Province>]
14666755	South_of_Market,_San_Francisco.jpg	[<San_Francisco_Museum_of_Modern_Art>, <South_of_Market,_San_Francisco>, <San_Francisco>, <Yerba_Buena_Gardens>]
13504884	Leeds_weir_-_geograph.org.uk_-_828526.jpg	[<Leeds_city_centre>, <River_Aire>]
8406874	Ortswappen_Salzgitter_Immendorf.svg	[<Immendorf>]
268122	Ophalingsspil.jpg	[<Samsø>]
14467822	Cottages_in_Gayton_Thorpe_-_geograph.org.uk_-_1745935.jpg	[<Gayton,_Norfolk>]
69604376	Хмарна_вершина.jpg	[<Heritage_site>, <Carpathian_National_Nature_Park>]
72174986	160329-N-VJ282-067_(26047526791).jpg	[<Foggo>]
49161829	Lebertsaue2.jpg	[<Nature_reserve>]
27385487	Malta_-_Siggiewi_-_Triq_il-Buskett_-_Buskett_Gardens_03_ies.jpg	[<Buskett_Gardens>]
23810848	Schilderingen_op_gewelf_en_gewelfribben_-_Zwolle_-_20229180_-_RCE.jpg	[<Zwolle>]
25267902	Stone_wall,_rear_of_Fredericksburg_with_rebel_dead,_May_3d,_1863.jpg	[<Fredericksburg,_Virginia>]
60311914	Bhopal_(15).jpg	[<Bhopal>]
6954643	Posušje08884.JPG	[<Posušje>]
59565801	Swieqi,_Malta_-_panoramio_(82).jpg	[<Swieqi>]
40237337	KhunjerabPass.JPG	[<Khunjerab_National_Park>, <Khunjerab_Pass>]
17083554	Nature_reserve_Dobrockovske_hadce_in_autumn_2011_(37).JPG	[<Protected_area>, <Blanský_les>, <Dobročkov>, <Nature_reserve>]
61884561	First_day_at_work_(Unsplash).jpg	[<Watertown,_Massachusetts>]
21593800	Rubber_Mill,_Titusville,_NJ_1912.jpg	[<National_Register_of_Historic_Places>, <Historic_district>]
52619893	Спуск_в_пещеру_в_Хушто-Сырт_-_panoramio.jpg	[<Chegemsky_District>]
58137011	Acre_Acco_Tour_15.jpg	[<Acre_(city)>]
38150292	Vue_Prison-Collection_Henrard_-_1955_(archives-Dep22)_(c).PNG	[<Base_Mérimée>, <Monuments_historiques>]
15535013	Weaver_Junction_geograph-2413897-by-Ben-Brooksbank.jpg	[<Dutton,_Cheshire>, <wikicat_Rail_junctions_in_England>]
54509281	Xlri_Campus,_Jamshedpur.jpg	[<Jamshedpur>]
60238244	Bosco_Gurin_cassinam_70.jpg	[<Bosco_Gurin>]
73134057	K1PL_Berlin_2018-09-16_Male_Kumite_–84_kg_05.jpg	[<Iran>]
50550146	Grave_Christ_Rudolf_.jpg	[<Grinzinger_Friedhof>]
3200393	ECUSA_Tennessee_cropped.png	[<Episcopal_Diocese_of_Tennessee>]
19669971	Map_commune_FR_insee_code_64154.png	[<Bussunarits-Sarrasquette>]
28460311	Jublains_museum_cerf_bronze.JPG	[<Base_Mérimée>]
36434768	Rishikesh_haridRishikeshwar_(536).JPG	[<Rishikesh>]
60534674	Tamworth,_UK_-_panoramio_(12).jpg	[<wikicat_Towns_in_Staffordshire>, <Borough_of_Tamworth>]
26178653	A_Lama_(431854903).jpg	[<A_Lama>]
39819167	Riga,_Latvia,_July_2001_(05).jpg	[<Riga>]
32706254	Evening_in_Tabl_Port_(13901111261).jpg	[<Qeshm_County>, <Qeshm_island>]
34542132	INTERIOR_VIEW_OF_PACKING_LINE_WHERE_ALL_THE_NAIL_BOXES_ARE_FORMED,_FILLED_WITH_NAILS_AND_SEALED;_NOTE_THESE_ARE_FIFTY-POUND_BOXES_-_LaBelle_Iron_Works,_Thirtieth_and_Wood_HAER_WVA,35-WHEEL,38-50.tif	[<Wheeling,_West_Virginia>]
63193477	Valbo_kyrka_-_KMB_-_16000200032318.jpg	[<Valbo>]
68552132	Colonia_Ulpia_Oescus,_Moesia_Inferior,_Bulgaria_(41347310682).jpg	[<Colonia_Ulpia_Oescus>]
61991586	2017-08-27_16-06-40_enduro-giromagny.jpg	[<Giromagny>]
57835845	70400_Yaylapazarı-Ermenek-Karaman,_Turkey_-_panoramio_(7).jpg	[<Ermenek>]
32802094	Актівський_каньйон3.jpg	[<Heritage_site>]
18782642	Andreas_Achenbach_-_Clearing_Up—Coast_of_Sicily_-_Walters_37116.jpg	[<Sicily>]
58824149	Triq_Kananea,_Ħ'Attard,_Malta_-_panoramio_(2).jpg	[<Attard>]
50583235	Ocellularia_praestans_-_Flickr_-_pellaea.jpg	[<National_Wildlife_Refuge>]
54832576	Shawal_Valley_,_North_Waziristan_,_Pakistan_-_panoramio_(42).jpg	[<North_Waziristan_Agency>, <Federally_Administered_Tribal_Areas>]
49246849	Huwara3603.jpg	[<Huwwara>]
72746207	Albergo_Posta_-_una_finestra.jpg	[<Como>]
23395481	Tekening_van_diverse_gebouwen_-_Amsterdam_-_20022115_-_RCE.jpg	[<Amsterdam>]
41172324	Auf_dem_Podium-_Lizzie_Doron,_Shelly_Kupferberg,_Christopher_Kloeble_(7118497179).jpg	[<Kupferberg>]
47586565	USS_Flint_(CL-97)_at_Ulithi_in_March_1945.jpg	[<Ulithi>]
36440903	Iziko_koopman30.jpg	[<Koopmans-de_Wet_House>]
51974782	Silvercreek_Wash_-_Wasp_Nests_-_panoramio.jpg	[<Bullhead_City,_Arizona>]
31302245	FvfNaguilianChurch0116_20.JPG	[<Naguilian,_La_Union>]
7723920	Obecní_úřad,_Malé_Hradisko,_okres_Prostějov.jpg	[<Malé_Hradisko>]
14443608	Cagthorpe,_Horncastle_-_geograph.org.uk_-_1724480.jpg	[<Cagthorpe>]
25710311	2013-04-21_Kurt-Schumacher-Straße_22,_Bonn_IMG_0118.jpg	[<Kessenich>]
40684013	NSG_Lindenberg_bei_Birklar_01.JPG	[<Nature_reserve>]
50659097	PR_Skalecký_háj_11.jpg	[<Podbřezí>, <Nature_reserve>]
23638447	Exterieur_-_Limmel_-_20140271_-_RCE.jpg	[<Bethlehem_Castle>]
23298826	P1020062_(2361560594).jpg	[<German_Museum>]
37447111	Kierch_Rouderssen,_Chrëschtdagsfeier-102.jpg	[<Rodershausen>]
50268047	Агидель.jpg	[<Bashkortostan>]
59403347	Géolocalisation_du_site_archéologique_du_Vieux-Poitiers,_anciennement_Vicus_de_Briva,_à_cheval_sur_les_communes_de_Naintré_et_Cenon-sur-Vienne.jpg	[<Naintré>, <Cenon-sur-Vienne>]
10019786	View_of_a_family_in_Laconia,_N.H,_from_Robert_N._Dennis_collection_of_stereoscopic_views.jpg	[<Belknap_County,_New_Hampshire>, <Laconia,_New_Hampshire>]
24635244	Kölner_Rosenmontagszug_2013_125.JPG	[<Köln>]
73136313	Entinen_ruotsinkielinen_kansakoulu_Vantaalla_4.jpg	[<Districts_of_Vantaa>, <Vantaanjoki>]
33028264	Paisagem_típica_da_caatinga.jpg	[<Piranhas>]
17370535	Toul,_Cathédrale_Saint-Etienne-PM_50338.jpg	[<Base_Mérimée>]
7526211	Saint-Crépin-de-Richemont_église_clocher_(2).JPG	[<Saint-Crépin-de-Richemont>]
13954523	Jackson's_Bakery,_Hull_-_geograph.org.uk_-_1231296.jpg	[<History_of_Kingston_upon_Hull>]
21815834	Arco_Adriano.jpg	[<Capua>]
66948353	Book_Promotions_-_Misty_Movie_(NBY_5011).jpg	[<Chicago>]
70394515	Pinery_Provincial_Park.jpg	[<Lake_Huron>, <Pinery_Provincial_Park>]
34261584	Fort_Macon,_Bogue_Point_on_Fort_Macon_Road,_Beaufort,_Carteret_County,_NC_HABS_NC,16-BEAUF.V,1-_(sheet_1_of_11).tif	[<Fort_Macon_State_Park>]
72009492	Tel-Katra-2-20988.jpg	[<Archaeological_site>, <Gedera>]
9323630	Bridge_of_Dee_And_City_View_-_geograph.org.uk_-_214316.jpg	[<Bridge_of_Dee>]
13649949	Red_roofed_shed_at_minor_road_junction_in_Llanddona_village_-_geograph.org.uk_-_950056.jpg	[<Llanddona>]
59780444	Trypillya,_Kyivs'ka_oblast,_Ukraine,_08722_-_panoramio_(14).jpg	[<Kiev_Oblast>]
43272335	0345jfPantoc_Bulac_Creek_Schools_Tabacao_Talavera_Ecijafvf_21.JPG	[<Talavera,_Nueva_Ecija>]
35636453	PortSaid_114.JPG	[<Port_Said>]
57457249	Währinger_Gürtel_81_II.png	[<Vienna>]
16410551	Winterthur_-_Lokomotivfabrik_mit_Arbeitersiedlung,_Zürcherstrasse_41_2011-09-09_13-21-44_ShiftN.jpg	[<Industrial_heritage>]
74553045	Pekelská_jezera_03.jpg	[<Jezera>]
46453685	Plaque_Charles_Dupas_(square_Eugène-Varlin,_Paris_10e).JPG	[<Garden_square>]
3989622	小手森城.jpg	[<Nihonmatsu,_Fukushima>]
62547571	RO_MS_Idiciu_(3).jpg	[<Idiciu,_Mureș>]
36271191	Stanko_Renko,_Male_Loče_3,_v_koretu_in_kapi,_kupleni_l._1909_v_Trstu_1955.jpg	[<Male_Loče>]
9128119	Loch_Goil_from_the_summit_of_Ben_Donich._-_geograph.org.uk_-_11272.jpg	[<Lochgoilhead>]
66737783	Koningin_Juliana_op_bezoek_in_het_zwaar_door_de_watersnood_getroffen_dorp_Kruini,_Bestanddeelnr_905-8759.jpg	[<Kruiningen>]
16734715	Murus_gallicus.jpg	[<Base_Mérimée>, <Archaeological_site>, <Boviolles>, <Monuments_historiques>]
44785068	TRA_South-Link_Line.svg	[<South-link_Line>]
27632287	Howara-town.jpg	[<Huwwara>]
39764231	Steinplatz_square_and_street_Pirna_118972754.jpg	[<Pirna>]
60544751	Top_lock_-_panoramio.jpg	[<Wigan>]
39622934	Former_Camp_Lejeune_land_owner's_children_explore,_compile_history_130627-M-OY184-033.jpg	[<Marine_Corps_Base_Camp_Lejeune>]
40385861	Dohnaische_Straße_Pirna_in_color_119829616.jpg	[<Cottage_garden>]
63132682	Bro_kyrka_-_KMB_-_16000200113153.jpg	[<Uppland>]
31179887	2014-02-13_Fröttmaninger_Heide_5666.jpg	[<Heide>]
31412088	Antiquities_of_Samarkand._Tomb_of_the_Saint_Kusam-ibn-Abbas_(Shah-i_Zindah)_and_Adjacent_Mausoleums._Mausoleum_of_Sha_Arap._Section_of_Column_(Pillar)_WDL3912.png	[<Samarkand>]
72567662	JE_King_Manufacturing_Building.jpg	[<National_Register_of_Historic_Places>]
12101527	Mizuguti_okayama_jo05.jpg	[<Okayama_Castle>]
4258228	Largo_do_Toural.jpg	[<Urban_square>, <Braga>]
37326631	Xiprers_al_calvari_de_Benilloba.JPG	[<Benilloba>]
55248019	Озеро_Черстога_-_panoramio.jpg	[<Slavgorod>]
52827807	MP_HIGH_COURT_INDORE_-_panoramio.jpg	[<Indore>]
63808867	Воронежско-Козловская_железная_дорога_13_Никольский_мост_через_реку_Воронеж.jpg	[<Michurinsky_District>, <Microdistrict>]
29284217	Nuevo_basamento_de_Cacaxtla.JPG	[<Cacaxtla>]
58816753	妖怪村_Monster_Village_-_panoramio_(7).jpg	[<wikicat_Amusement_parks_in_Taiwan>, <wikicat_Entertainment_venues>]
49847128	Xiangshan_banner_yingtaogou.jpg	[<Beijing_Botanical_Garden>]
208124	Freiheit_Burg_Wetter.jpg	[<Burg_Wetter>]
38219112	RS(1872)_p1.0405_Verbrennung_einer_kaiserlichen_Verfügung_am_Morgen_des_13.03.1848.jpg	[<Austria>, <Vienna>]
2620528	Villa_Hohe_Warte_Wien_Detail_Garten.jpg	[<Vienna>]
37995560	Curtesti_judetul_Botosani.jpg	[<Curtești,_Botoșani>]
53733624	Vítkův_hrádek_-_panoramio.jpg	[<Šumava>, <São_Tomé>]
73287609	Jetřichovice_(5).jpg	[<České_Švýcarsko>, <Jetřichovice>]
63161893	Gustav_Vasa_kyrka_-_KMB_-_16000200106876.jpg	[<Stockholm>]
71996112	Église_St_Claude_Blye_4.jpg	[<Blye>]
48012099	Burg_Rothenstein_(Bad_Grönenbach)_43_-_Keller_Palas.JPG	[<Burg_Rothenstein>]
46123711	Cato_Smile.JPG	[<Wisconsin>]
54317874	Boucheghal_بوشغال_-_panoramio.jpg	[<Tipaza>, <Larhat>, <Oued_Goussine>, <Chlef>]
16736038	Église_Saint-Just_Lyon_Fronton.jpg	[<Base_Mérimée>]
28807621	GLAMcamp_Amsterdam_at_Amsterdam_Museum_6.jpg	[<Amsterdam>]
28413787	Château_de_la_Vervollière_3.JPG	[<Base_Mérimée>, <Coussay-les-Bois>, <Monuments_historiques>]
5371694	Bundesarchiv_Bild_183-Z0813-016,_Mühlhausen,_Straßenszene.jpg	[<Mühlhausen>]
62427228	Sihlkanal.jpg	[<Sihltal>]
16831273	Map_of_comune_of_Vezzano_sul_Crostolo_(province_of_Reggio_Emilia,_region_Emilia-Romagna,_Italy).svg	[<Vezzano_sul_Crostolo>]
52338636	Andrew_B._Moore.jpg	[<Perry_County,_Alabama>]
14293920	Meadow_at_Whiddon_Down_-_geograph.org.uk_-_1548059.jpg	[<Whiddon_Down>, <Drewsteignton>]
69712310	惠东国展_6421.jpg	[<Huidong_County,_Guangdong>]
55199850	The_Upper_Town,_Sibiu,_Romania_-_panoramio_(3).jpg	[<Sibiu>]
57883057	Voua,_Fiji_-_panoramio_(9).jpg	[<Fiji>]
59771506	Academia_da_Força_Aérea_(AFA)_em_Pirassununga-SP._Canhão_M3_e_Canhão_Hispano_Suisse_expostos_no_Cassino_-_panoramio.jpg	[<Pirassununga>]
40944679	Plants_at_the_University_of_Bristol_Botanic_Garden_13.JPG	[<University_of_Bristol_Botanic_Garden>]
25473672	Gellertstedt_Stora_Lilla_Tisan_1885.jpg	[<Tegnérlunden>]
56506937	Oorlogsmonument_Nieuwpoort_14.jpg	[<Nieuwpoort,_Belgium>]
23351735	Harold_Theodore_Tate_(Engraved_Signature).jpg	[<Smithsonian_Institution>]
34302960	First_Presbyterian_Church_on-the-Green,_Parish_House,_Bloomfield,_Essex_County,_NJ_HABS_NJ,7-BLOFI,3-_(sheet_3_of_6).tif	[<Bloomfield,_New_Jersey>]
14636703	Rieux_Minervois_08.jpg	[<Base_Mérimée>, <Monuments_historiques>]
24147442	Abílio_Terra_Júnior_(5189477453).jpg	[<Porto_Alegre>]
71825937	Furogawa_River_on_Omishima_Island.jpg	[<Ōmishima>]
31609929	Халявин,_Чернігівський_район._Качки.JPG	[<Chernihiv_Raion>, <Populated_Place>]
55460946	Constantine_Palace_(2008-08-29),_exterior,_IMG05.jpg	[<Constantine_Palace>]
12408138	Beechburn_Bridge_-_geograph.org.uk_-_307071.jpg	[<Witton_Park>]
13399562	Coastal_footpath,_Arnside_Park,_Arnside_-_geograph.org.uk_-_736105.jpg	[<Arnside>]
68898943	Білосарайська_коса,_рибальский_порт.jpg	[<Heritage_site>]
16430420	Ottoman_Empire_(1609).png	[<Ottoman_Empire>]
28793843	Colores_del_Palacio_Negro.jpg	[<Palacio_de_Lecumberri>]
38700304	IED_training,_more_than_meets_the_eye_130207-M-ZB219-085.jpg	[<Marine_Corps_Base_Camp_Lejeune>]
50150530	74,_Wäistrooss,_Schengen-101.jpg	[<Wäistrooss>]
62897671	Skara_-_KMB_-_16001000300564.jpg	[<Skara>]
40157602	Auewald-2.jpg	[<Naturpark_Unteres_Saaletal>]
32746898	Високий_замок5.jpg	[<Heritage_site>]
50044281	Augustdor-ZweiEinHalb-Taler-1842-rv.jpg	[<Kingdom_of_Saxony>]
23912848	Exterieur_GEVEL,_GEDEELTE_-_Stiphout_-_20283624_-_RCE.jpg	[<Stiphout>]
64782899	Labirynt_wąwozów_lessowych_w_okolicach_Rąblowa.jpg	[<Rąblów>]
11117227	Church,_Hok-2.jpg	[<Paris>]
74505031	216Barangays_Bacoor_Cavite_Landmarks_Roads_06.jpg	[<Bacoor,_Cavite>]
58084922	ColleDiValdElsaGoreSteccaiaPonteMarziale3.jpg	[<Colle_di_Val_d'Elsa>]
29264581	DO_-_Saturday_Evening_Showcase_(The_Announcers)_(4072435457).jpg	[<Douthat_State_Park>]
19970018	2012-06-19_15-51-25-f-chat-lambert-chambre.jpg	[<Haut-du-Them-Château-Lambert>]
29840020	Marseille._Chateau_dEau_de_Longchamps_-_Les_Travaux_Publics_de_la_France.jpg	[<Palais_Longchamp>, <La_France>]
9144773	Bakers_Farm_Cottage_at_Bakers_Farm_-_geograph.org.uk_-_41270.jpg	[<Redbourn>]
61692070	TPV-Marbella-3.jpg	[<Fae>]
14043150	Llyn_Gafr_-_geograph.org.uk_-_1314880.jpg	[<Cadair_Idris>, <Gwynedd>]
52686185	Crossing_the_road_-_Leighton_Buzzard_Light_Railway_-_August,_2009_-_panoramio.jpg	[<Leighton_Buzzard>]
60485314	Korean_Air_Flight_858_Memorial.jpg	[<Yangjae_Citizens'_Forest>]
23946466	DETAIL_VAN_BEELDENGROEP_IN_KLOOSTERTUIN_-_Nederweert_-_20304072_-_RCE.jpg	[<Nederweert>]
35368418	Cathedral_of_Christ_the_King_009.jpg	[<Johannesburg>]
40581904	Lügde_-_2015-05-29_-_LIP-021_(03).jpg	[<Lügde>, <Nature_reserve>]
18298509	Blason_ville_fr_Bendejun_06.svg	[<Bendejun>]
6665274	The_football_stadium_at_western_part_of_Krestovsky_island_-_2009-04-25_-_002.jpg	[<Krestovsky_Stadium>]
39873779	Yagihyo_Headquarter_20150430.jpg	[<Nagoya>]
22634404	Forlandsundet_11.JPG	[<Forlandsundet>]
56892506	South_East_of_Mull_(10944705343).jpg	[<Oban>]
1019756	Camping_300705_4_REFON.JPG	[<Avaré>]
36688227	Zbizuby,_bytovka.jpg	[<Zbizuby>]
61659664	0335jfCatholic_Women's_League_Santo_Cristo_Pulilan_Quasi_Parish_Chuchfvf_38.jpg	[<Philippines>]
65628829	18_de_enero_de_2018_-_resentación_del_Grupo_Parlamentario_para_la_Prevención_y_Tratamiento_Integral_del_Fenómeno_de_las_Drogas_en_el_Ecuador_(25891129808).jpg	[<Ecuador>]
56875259	Biền_Phú_quốc,_vietnam_-_panoramio.jpg	[<Phu_Quoc>]
28603068	Graved12.jpg	[<Gravedona>]
38678103	Cubicle_of_Musicians_and_Actors_-_Valle_Romana_del_Casale_-_Italy_2015.JPG	[<Villa_Romana_del_Casale>]
24416072	People_jumping_to_water_near_Cassis,_Provence,_France_(6053063526).jpg	[<Calanques>]
40224959	0586ajfSan_Jose_Santo_Domingo_Angeles_Roads_fvf_43.jpg	[<Santo_Domingo>]
57505436	Typhoon_Ellen_1983_STS-8.jpg	[<Kennedy_Space_Center_Launch_Complex_39A>]
70000852	Rosa_'Rotfassade'_Noack_1997_02.jpg	[<Red_Roses>]
3892415	Blason_Lautenbach.svg	[<Lautenbach>]
19621286	Map_commune_FR_insee_code_48009.png	[<Aumont-Aubrac>]
13920268	Channel_Wood,_Midgham_-_geograph.org.uk_-_1202535.jpg	[<Midgham>]
19576847	Map_commune_FR_insee_code_22290.png	[<Saint-Gelven>]
12502633	Track_across_the_down_-_geograph.org.uk_-_329003.jpg	[<Alvediston>]
12986393	Little_Oulsham_Drove,_near_Feltwell_-_geograph.org.uk_-_463967.jpg	[<Feltwell>]
4437341	Naszály68.JPG	[<Naszály>]
28131550	NewRichmondOH2.JPG	[<New_Richmond,_Ohio>]
12338286	Bayfront_Park,_Miami,_FL_-_IMG_8007.JPG	[<Bayfront_Park>]
47100085	Live_Oak_Cemetery,_Worth_Stephens_headstone.JPG	[<Live_Oak,_Florida>, <wikicat_Cemeteries_in_Florida>]
69998051	DC_-_CIT-GP_-_Portugal_-_Guiné_Portuguesa_-_Uma_paisagem_de_Bubaque.jpg	[<Bubaque>]
73248032	Budhanil_Kantha_Shiva_Mandir.jpg	[<Budhanilkantha>]
60212250	西江田地-桂穿越_-_panoramio.jpg	[<Leishan_County>]
9200412	Disused_service_station_at_Brookside_-_geograph.org.uk_-_94533.jpg	[<Ashorne>]
58236150	Markovec_u_Žižky_(9).jpg	[<Mladějovice>]
58423146	Una_parete_bagnata_della_palestra_di_roccia_&quot;Il_Cinzanino&quot;_-_falesia_di_Maccagno_(Lago_Maggiore_-_Varese)_-_2017-04-30.jpg	[<Maccagno>]
44250841	The_XVIIIth_century;_its_institutions,_customs,_and_costumes_France,_1700-1789_(1875)_(14780805482).jpg	[<France>]
10244896	The_Pulpit,_Pulpit_Terrace,_by_Webster_&amp;_Albee.jpg	[<Yellowstone_National_Park>]
47868753	45-Saint-Loup-de-Gonois-Routes.png	[<Saint-Loup-de-Gonois>]
26378788	Lori_Wilson_Park,_Cocoa_Beach_FL_-_Flickr_-_Rusty_Clark_(60).jpg	[<Cocoa_Beach,_Florida>]
25415200	2013-03-17_09-18-03_Switzerland_Kanton_Zürich_Feuerthalen_Schaffhausen,_Rheinhalde.JPG	[<Schaffhausen>]
4958239	Site_of_1st_US_branch_mint_plaque,_SF.JPG	[<California_Historical_Landmark>]
52140326	Kobzarstvo_011.jpg	[<Populated_Place>]
60968755	Kriegerdenkmal_Mondorf.jpg	[<Mondorf>]
71673020	Hauptstraße49_vogelsdorf_2018-07_07_(41).jpg	[<Vogelsdorf_(Huy)>]
24471791	Augignac_église_échauguette.JPG	[<Augignac>]
33923569	DETAIL_OF_STEEL_STOPS_AT_WEST_END_OF_MOBILE_SERVICE_STRUCTURE_RAIL_WITH_STEEL_STOPS_AND_CONCRETE_TIE-DOWN_BLOCK;_VIEW_TO_NORTHWEST._-_Cape_Canaveral_Air_Station,_Launch_Complex_HAER_FLA,5-CACAN,1C-17.tif	[<National_Register_of_Historic_Places>]
23364949	Aiuruoca_-_Poço_Joaquim_Bernardo.jpg	[<Aiuruoca>]
4078612	Oakwood_Underground_Station.jpg	[<Oakwood_tube_station>]
74300140	Visentico_-_Sento_2017-03-16_20.35.24_(33359947941).jpg	[<València>]
56515056	Makanda_Cottage_(32317947526).jpg	[<Makanda,_Illinois>]
46370240	València,_estàtua_del_monument_a_Josep_Serrano.JPG	[<Regne_de_València>]
31737174	6_Orrs.JPG	[<wikicat_Neighborhoods_in_Charleston,_South_Carolina>]
3890557	Wertheim_3_600dpi.jpg	[<wikicat_Municipalities_in_Baden-Württemberg>, <Main-Tauber-Kreis>]
24360121	Wappen-Stallhof19.jpg	[<Stallhof>]
62625555	Мукачеве_(279)_Монумент_слави_радянським_воїнам.jpg	[<World_war_ii_memorial>]
37605244	Hrazany_-_Okres_Písek_(034).jpg	[<Hrazany>]
45326688	Neea_sp.,_Nyctaginaceae,_Atlantic_forest,_northern_littoral_of_Bahia,_Brazil_(15489429563).jpg	[<Atlantic_Forest>]
48388096	01203jfRoads_Orion_Pilar_Limay_Bataan_Bridge_Landmarksfvf_12.JPG	[<Barangay>]
30818219	Cementeri_del_Cabanyal,_zona_amb_gespa.JPG	[<Cabanyal>]
73382422	8515D_-_01,_Acervo_do_Museu_Paulista_da_USP.jpg	[<wikicat_Studios>]
49631719	A_lady_devotee_at_nashik.jpg	[<Nashik>]
71884679	Norderney,_Benekestraße_3_(1).jpg	[<Norderney>]
57805754	Saint-Léonard-de-Noblat_-_panoramio.jpg	[<Saint-Léonard-de-Noblat>]
73154913	Pescia,_chiesa_della_santissima_annunziata,_carlo_sacconi,_la_vergine_arresta_la_pestilenza_a_pescia,_1713,_-_09.jpg	[<Pescia>]
14005727	Blackwater_Grove_meets_Daggons_road,_Alderholt,_Dorset_-_geograph.org.uk_-_1281991.jpg	[<Alderholt>]
34736365	Desfile_y_Sesión_Solemne_en_San_Roque_por_conmemorarse_74_años_de_parroquialización_(12172192313).jpg	[<San_Roque>, <Piñas>]
55054160	Kongess-_und_Theaterhaus_-_panoramio.jpg	[<Kongress_&_Theaterhaus_Bad_Ischl>]
21770017	Picture_of_Pellier_Park_featuring_informational_billboard.JPG	[<California_Historical_Landmarks_in_Santa_Clara_County,_California>, <California_Historical_Landmark>]
30886829	War_Damage_on_the_Western_Front_in_1918_Q114462.jpg	[<Dikkebus>]
23435375	ESG_Esplanade-15_Winter-1958-1959.jpg	[<Esplanade_(Hamburg)>]
23996475	Interieur_logiesgebouw,_kap,_tijdens_restauratie_-_Breda_-_20335777_-_RCE.jpg	[<Breda>]
44684407	J23_719_Bf_L-Dre_Gbf,_Weichen_51–55.jpg	[<Leipzig_Hauptbahnhof>]
29638627	Go_Faster_or..._-_Flickr_-_Peter.Samow.jpg	[<Frankfurt_am_Main>]
13999333	Looking_towards_Loch_Quoich._-_geograph.org.uk_-_1270458.jpg	[<Loch_Quoich>]
33992545	VIEW_DOWNSTREAM_FROM_MILNER_DAM_SPILLWAY;_LOOKING_NORTH._-_Milner_Dam_and_Main_Canal-_Twin_Falls_Canal_Company,_On_Snake_River,_11_miles_West_of_city_of_Burley,_Idaho,_Twin_Falls_HAER_ID,27-TWIF.V,1-5.tif	[<Twin_Falls_County,_Idaho>]
61910183	Carro_di_Eretum_01.jpg	[<Eretum>]
5479391	Bundesarchiv_Bild_102-01191,_Wilhelm_von_Preußen_bei_Tennismatch.jpg	[<Berlin-Grunewald>, <wikicat_Tennis_venues_in_Germany>]
23983005	Interieur_centrale_hal,_hoofdtrappenhuis,_hoeklamp_-_Rotterdam_-_20329085_-_RCE.jpg	[<Rotterdam>]
53311982	Monaco_-_panoramio_(110).jpg	[<Monaco>]
48481437	Port_Lyttelton_by_Mary_Townsend,_1850.jpg	[<Lyttelton_Harbour>]
13301439	Huandacareo,_view_to_the_south_over_the_Cuitzeo_lake.JPG	[<Huandacareo>]
54732609	CHURCH,FORT_SAINT_GEORGE,TAMILNADU_-_panoramio.jpg	[<St._Mary's_Church_(Fort_St._George)>]
72944454	Amsterdam_Oosterdokskade_2.jpg	[<Amsterdam>]
27544060	Lhotka_ZR_CoA.jpg	[<Lhotka_(Žďár_nad_Sázavou_District)>]
74274836	Arcos_de_la_Frontera_-_048_(30620110121).jpg	[<Arcos_de_la_Frontera>]
38548901	Jf0106_Gugu_Bridges_River_Pampanga_Tail_Dikesfvf_20.JPG	[<Bacolor,_Pampanga>]
35305762	Tarazona_-_Palacio_Episcopal_4.JPG	[<Tarazona>]
63230019	2017-10-06_09_47_40_View_south_along_U.S._Route_1_(Trenton_Freeway)_at_the_exit_for_Whitehead_Road_in_Lawrence_Township,_Mercer_County,_New_Jersey.jpg	[<wikicat_County_routes_in_Mercer_County,_New_Jersey>]
51345560	Fontaine_saint_Laurent.jpg	[<La_Bresse>]
56755437	La_Puerta_y_el_Gavillero,_Gral._Cepeda,_Coahuila_-_panoramio_(37).jpg	[<Coahuila>]
16651614	Père-Lachaise_-_Division_31_-_Adolphe_Itasse_04.jpg	[<Base_Mérimée>, <Père-Lachaise_Cemetery>, <Monuments_historiques>]
9346421	Recreation_Ground,_Moorside,_Cleckheaton_-_geograph.org.uk_-_221892.jpg	[<Cleckheaton>]
72317409	محطة_وقود_-_panoramio_(1)_(cropped).jpg	[<Doha>]
54609609	Monte_isola,_durante_l'installazione_floating_piers,_2016,_03.jpg	[<Monte_Isola>]
71527824	Betanzos_Igrexa_Monacal_de_San_Francisco_19.jpg	[<Betanzos>]
33957367	Belmer_bach_gretesch_18.jpg	[<Darum>]
37506212	Dingy,_falling_down_places_under_the_tracks_are_the_very_definition_of_Tokyo_traditional_(3194760940).jpg	[<Yurakucho>]
3522899	Brasao_extrema.png	[<wikicat_Municipalities_in_Minas_Gerais>]
16732495	Monument_historique_Clermont-Ferrand_(233).JPG	[<Base_Mérimée>, <Monuments_historiques>]
38452582	Isreal136_(882791269).jpg	[<Masada>]
53633971	1st_ABCT_brings_boom_to_Bulgaria_151117-A-HO673-191.jpg	[<Fort_Stewart>]
56772827	Rainforestation,_Kuranda_-_panoramio_(9).jpg	[<Queensland>]
32785087	Schloss_trautenfels_57972_2014-05-14.JPG	[<Trautenfels_Castle>]
51976743	Clock_Tower_entrance_(Hudson,_Ohio).jpg	[<Hudson,_Ohio>, <National_Register_of_Historic_Places>]
64301011	Grand_Canyon_Panorama_2017-11-17.jpg	[<Grand_Canyon_National_Park>]
51104987	Münzenberg,_Burg_Münzenberg-20160428-014.jpg	[<Münzenberg>]
521742	Michigan_City_Indiana_02.jpg	[<Michigan_City,_Indiana>]
12135483	Blason_Wervicq-Sud_59.svg	[<Wervicq-Sud>, <Jacque>]
1267226	Pfrimmtalviadukt01.JPG	[<Pfrimmtalviadukt>]
32761231	2014-04-30_11-16-41_Iceland_-_Akureyri_7h_212°.JPG	[<Eyjafjarðarsýsla>]
58317799	J24_872_Cerro_Santa_Lucía.jpg	[<Cerro_Santa_Lucía>]
65731825	Unterführung_ZOB_Zugang_neue_Kantstraße-001.jpg	[<Pedestrian_tunnels>]
11961079	Lo_O_Stream,_Nui_Chua_National_Park.jpg	[<wikicat_National_parks_of_Vietnam>]
